Workbook
Name Блокуправления: Прайсы!$BC$3:$BC$7
Name Выкл: Прайсы!$CB$3:$CB$50
Name Доп: Прайсы!$CH$3:$CH$106
Name МПЗ: Прайсы!$AW$3:$AW$108
Name НомерСхемы: #REF!
Name ОПН: Прайсы!$AQ$3:$AQ$19
Name ПТ: Прайсы!$DF$3:$DF$4
Name Разъединитель: Прайсы!$L$3:$L$20
Name Счетчик10: Прайсы!$CX$3:$CX$75
Name ТН: Прайсы!$AG$3:$AG$21
Name Трансформатортока: Прайсы!$B$3:$B$122
Name ТСН: Прайсы!$BH$3:$BH$15
Name ТТнулевойпоследлвательности: Прайсы!$W$3:$W$18

Sheet КСО-204
B1: =" Опросный лист на "& IF(C7>0, C7,"КСО-204, КСО-204м") -> Опросный лист на КСО-204 | H1: №
B2: Заказчик / Название объекта: | K2: дата
D4: название организации
D6: должность | F6: ФИО | I6: подпись | K6: тел. / факс
A7: 1 | B7: Тип камеры КСО | C7: КСО-204
A8: Запрашиваемые данные | D8: Ответы заказчика
A9: 2 | B9: Номер камеры по плану
A10: 3 | B10: Номер схемы главных цепей
A11: 4 | B11: Номинальное напряжение, кВ | C11: 10
A12: 5 | B12: Номинальный ток сборных шин, А | C12: 630
A13: 6 | B13: Ток к.з. на сборных шинах, кА
A14: 7 | B14: Схемы первичных соединений (однолинейная схема) выбирются автоматически
A15: 8 | B15: Назначение камер
A16: 9 | B16: Номер схемы вспомогательных цепей | D16: =IF(D15<>"",расчет!C29,"") -> 7ВВ | E16: =IF(E15<>"",расчет!E29,"") -> 7ВВ | F16: =IF(F15<>"",расчет!G29,"") -> 7ВВ | G16: =IF(G15<>"",расчет!I29,"") -> 15-400 | H16: =IF(H15<>"",расчет!K29,"") -> 13-400 | I16: =IF(I15<>"",расчет!M29,"") -> 3ВВ | J16: =IF(J15<>"",расчет!O29,"") -> 24-1000 | K16: =IF(K15<>"",расчет!Q29,"") | L16: =IF(L15<>"",расчет!S29,"") | M16: =IF(M15<>"",расчет!U29,"")
A17: 10 | B17: Шинный разъединитель
A18: 11 | B18: Выключатель | C18: тип
C19: БУ
A20: 12 | B20: Микропроцессорные реле | C20: тип
A21: 13 | B21: Трансформатор тока (ТПОЛ, ТОЛ) | C21: кол-во
C22: коэф. транс.
A23: 14 | B23: Линейный разъединитель
A24: 14 | B24: Cчетчик учёта ЭЭ, тип
A25: 14 | B25: Трансформатор напряжения
A26: 15 | B26: Трансформатор собственных нужд
A27: 16 | B27: Предохранитель, тип
A28: 17 | B28: ОПН (ОПН-РТ/TEL)
A29: 18 | B29: Элементы электромагнитной блокировки | C29: ВП-19
C30: ЗБ-1М
A31: 19 | B31: Трансформатор тока нулевой последовательности
A32: 20 | B32: Дополнительно | C32: кол-во
C33: оборудование
A34: 21 | B34: Дополнительно | C34: кол-во
C35: оборудование
A36: 22 | B36: Дополнительно | C36: кол-во
C37: оборудование
A38: 23 | B38: Дополнительно | C38: кол-во
C39: оборудование
A40: 24 | B40: Дополнительно | C40: кол-во
C41: оборудование
A42: 25 | B42: Дополнительно | C42: кол-во
C43: оборудование
A44: 23 | B44: Кабель | C44: тип
C45: кол-во
B46: Согласование: | C46: Заказчик | I46: Производитель
C49: «____» ____________ _20___г | I49: «____» ____________ _20___г
C50: М.П. | I50: М.П.
D52: =расчет!AT31 -> 720 | E52: =расчет!AU31 -> 720 | F52: =расчет!AV31 -> 720 | G52: =расчет!AW31 -> 720 | H52: =расчет!AX31 -> 720 | I52: =расчет!AY31 -> 720 | J52: =расчет!AZ31 -> 720 | K52: =расчет!BA31 -> 0 | ... M52: =расчет!BC31 -> 0
D53: =расчет!AT32 -> 750 | E53: =расчет!AU32 -> 750 | F53: =расчет!AV32 -> 750 | G53: =расчет!AW32 -> 0 | H53: =расчет!AX32 -> 0 | I53: =расчет!AY32 -> 750 | J53: =расчет!AZ32 -> 0 | K53: =расчет!BA32 -> 0 | ... M53: =расчет!BC32 -> 0
D54: =расчет!AT33 -> 750 | E54: =расчет!AU33 -> 750 | F54: =расчет!AV33 -> 750 | G54: =расчет!AW33 -> 0 | H54: =расчет!AX33 -> 0 | I54: =расчет!AY33 -> 750 | J54: =расчет!AZ33 -> 0 | K54: =расчет!BA33 -> 0 | ... M54: =расчет!BC33 -> 0
D55: =расчет!AT34 -> 373 | E55: =расчет!AU34 -> 373 | F55: =расчет!AV34 -> 373 | G55: =расчет!AW34 -> 0 | H55: =расчет!AX34 -> 373 | I55: =расчет!AY34 -> 373 | J55: =расчет!AZ34 -> 0 | K55: =расчет!BA34 -> 0 | ... M55: =расчет!BC34 -> 0
D56: =расчет!AT35 -> 0 | E56: =расчет!AU35 -> 0 | F56: =расчет!AV35 -> 0 | G56: =расчет!AW35 -> 0 | H56: =расчет!AX35 -> 0 | I56: =расчет!AY35 -> 0 | J56: =расчет!AZ35 -> 0 | K56: =расчет!BA35 -> 0 | ... M56: =расчет!BC35 -> 0
D57: =расчет!AT36 -> 436 | E57: =расчет!AU36 -> 436 | F57: =расчет!AV36 -> 436 | G57: =расчет!AW36 -> 0 | H57: =расчет!AX36 -> 0 | I57: =расчет!AY36 -> 436 | J57: =расчет!AZ36 -> 0 | K57: =расчет!BA36 -> 0 | ... M57: =расчет!BC36 -> 0
D58: =расчет!AT37 -> 370 | E58: =расчет!AU37 -> 370 | F58: =расчет!AV37 -> 370 | G58: =расчет!AW37 -> 0 | H58: =расчет!AX37 -> 370 | I58: =расчет!AY37 -> 0 | J58: =расчет!AZ37 -> 0 | K58: =расчет!BA37 -> 0 | ... M58: =расчет!BC37 -> 0
D59: =расчет!AT39 -> 644 | E59: =расчет!AU39 -> 644 | F59: =расчет!AV39 -> 644 | G59: =расчет!AW39 -> 0 | H59: =расчет!AX39 -> 0 | I59: =расчет!AY39 -> 0 | J59: =расчет!AZ39 -> 0 | K59: =расчет!BA39 -> 0 | ... M59: =расчет!BC39 -> 0
D60: =расчет!AT40 -> 0 | E60: =расчет!AU40 -> 0 | F60: =расчет!AV40 -> 0 | G60: =расчет!AW40 -> 0 | H60: =расчет!AX40 -> 3975 | I60: =расчет!AY40 -> 0 | J60: =расчет!AZ40 -> 0 | K60: =расчет!BA40 -> 0 | ... M60: =расчет!BC40 -> 0
D61: =расчет!AT41 -> 0 | E61: =расчет!AU41 -> 0 | F61: =расчет!AV41 -> 0 | G61: =расчет!AW41 -> 446 | H61: =расчет!AX41 -> 0 | I61: =расчет!AY41 -> 0 | J61: =расчет!AZ41 -> 0 | K61: =расчет!BA41 -> 0 | ... M61: =расчет!BC41 -> 0
D62: =расчет!AT42 -> 0 | E62: =расчет!AU42 -> 0 | F62: =расчет!AV42 -> 0 | G62: =расчет!AW42 -> 1412 | H62: =расчет!AX42 -> 0 | I62: =расчет!AY42 -> 0 | J62: =расчет!AZ42 -> 0 | K62: =расчет!BA42 -> 0 | ... M62: =расчет!BC42 -> 0
D63: =расчет!AT43 -> 0 | E63: =расчет!AU43 -> 0 | F63: =расчет!AV43 -> 357 | G63: =расчет!AW43 -> 0 | H63: =расчет!AX43 -> 357 | I63: =расчет!AY43 -> 0 | J63: =расчет!AZ43 -> 0 | K63: =расчет!BA43 -> 0 | ... M63: =расчет!BC43 -> 0
D64: =расчет!AT44 -> 0 | E64: =расчет!AU44 -> 0 | F64: =расчет!AV44 -> 0 | G64: =расчет!AW44 -> 0 | H64: =расчет!AX44 -> 0 | I64: =расчет!AY44 -> 0 | J64: =расчет!AZ44 -> 0 | K64: =расчет!BA44 -> 0 | ... M64: =расчет!BC44 -> 0
D65: =расчет!AT45 -> 0 | E65: =расчет!AU45 -> 0 | F65: =расчет!AV45 -> 0 | G65: =расчет!AW45 -> 0 | H65: =расчет!AX45 -> 0 | I65: =расчет!AY45 -> 0 | J65: =расчет!AZ45 -> 0 | K65: =расчет!BA45 -> 0 | ... M65: =расчет!BC45 -> 0
D66: =расчет!AT46 -> 478 | E66: =расчет!AU46 -> 478 | F66: =расчет!AV46 -> 0 | G66: =расчет!AW46 -> 0 | H66: =расчет!AX46 -> 0 | I66: =расчет!AY46 -> 0 | J66: =расчет!AZ46 -> 0 | K66: =расчет!BA46 -> 0 | ... M66: =расчет!BC46 -> 0
D67: =расчет!AT47 -> 0 | E67: =расчет!AU47 -> 0 | F67: =расчет!AV47 -> 0 | G67: =расчет!AW47 -> 0 | H67: =расчет!AX47 -> 0 | I67: =расчет!AY47 -> 0 | J67: =расчет!AZ47 -> 0 | K67: =расчет!BA47 -> 0 | ... M67: =расчет!BC47 -> 0
D68: =расчет!AT48 -> 0 | E68: =расчет!AU48 -> 0 | F68: =расчет!AV48 -> 0 | G68: =расчет!AW48 -> 0 | H68: =расчет!AX48 -> 0 | I68: =расчет!AY48 -> 0 | J68: =расчет!AZ48 -> 0 | K68: =расчет!BA48 -> 0 | ... M68: =расчет!BC48 -> 0
D69: =расчет!AT49 -> 0 | E69: =расчет!AU49 -> 0 | F69: =расчет!AV49 -> 0 | G69: =расчет!AW49 -> 0 | H69: =расчет!AX49 -> 0 | I69: =расчет!AY49 -> 0 | J69: =расчет!AZ49 -> 0 | K69: =расчет!BA49 -> 0 | ... M69: =расчет!BC49 -> 0
D70: =расчет!AT50 -> 0 | E70: =расчет!AU50 -> 0 | F70: =расчет!AV50 -> 0 | G70: =расчет!AW50 -> 0 | H70: =расчет!AX50 -> 0 | I70: =расчет!AY50 -> 0 | J70: =расчет!AZ50 -> 0 | K70: =расчет!BA50 -> 0 | ... M70: =расчет!BC50 -> 0
D71: =расчет!AT53 -> 0 | E71: =расчет!AU53 -> 0 | F71: =расчет!AV53 -> 0 | G71: =расчет!AW53 -> 0 | H71: =расчет!AX53 -> 0 | I71: =расчет!AY53 -> 0 | J71: =расчет!AZ53 -> 0 | K71: =расчет!BA53 -> 0 | ... M71: =расчет!BC53 -> 0
D72: =расчет!AT52 -> 0 | E72: =расчет!AU52 -> 0 | F72: =расчет!AV52 -> 0 | G72: =расчет!AW52 -> 0 | H72: =расчет!AX52 -> 0 | I72: =расчет!AY52 -> 0 | J72: =расчет!AZ52 -> 0 | K72: =расчет!BA52 -> 0 | ... M72: =расчет!BC52 -> 0
D73: =расчет!AT55 -> 0 | E73: =расчет!AU55 -> 0 | F73: =расчет!AV55 -> 0 | G73: =расчет!AW55 -> 0 | H73: =расчет!AX55 -> 0 | I73: =расчет!AY55 -> 0 | J73: =расчет!AZ55 -> 0 | K73: =расчет!BA55 -> 0 | ... M73: =расчет!BC55 -> 0
D74: =расчет!AT54 -> 0 | E74: =расчет!AU54 -> 0 | F74: =расчет!AV54 -> 0 | G74: =расчет!AW54 -> 0 | H74: =расчет!AX54 -> 0 | I74: =расчет!AY54 -> 0 | J74: =расчет!AZ54 -> 0 | K74: =расчет!BA54 -> 0 | ... M74: =расчет!BC54 -> 0
D75: =расчет!AT57 -> 0 | E75: =расчет!AU57 -> 0 | F75: =расчет!AV57 -> 0 | G75: =расчет!AW57 -> 0 | H75: =расчет!AX57 -> 0 | I75: =расчет!AY57 -> 0 | J75: =расчет!AZ57 -> 0 | K75: =расчет!BA57 -> 0 | ... M75: =расчет!BC57 -> 0
D76: =расчет!AT56 -> 0 | E76: =расчет!AU56 -> 0 | F76: =расчет!AV56 -> 0 | G76: =расчет!AW56 -> 0 | H76: =расчет!AX56 -> 0 | I76: =расчет!AY56 -> 0 | J76: =расчет!AZ56 -> 0 | K76: =расчет!BA56 -> 0 | ... M76: =расчет!BC56 -> 0
D77: =расчет!AT59 -> 0 | E77: =расчет!AU59 -> 0 | F77: =расчет!AV59 -> 0 | G77: =расчет!AW59 -> 0 | H77: =расчет!AX59 -> 0 | I77: =расчет!AY59 -> 0 | J77: =расчет!AZ59 -> 0 | K77: =расчет!BA59 -> 0 | ... M77: =расчет!BC59 -> 0
D78: =расчет!AT58 -> 0 | E78: =расчет!AU58 -> 0 | F78: =расчет!AV58 -> 0 | G78: =расчет!AW58 -> 0 | H78: =расчет!AX58 -> 0 | I78: =расчет!AY58 -> 0 | J78: =расчет!AZ58 -> 0 | K78: =расчет!BA58 -> 0 | ... M78: =расчет!BC58 -> 0

Sheet Сводная информация
A1: Комплектация
A2: № | B2: Наименование оборудования | C2: Кол-во, шт | D2: Цена за ед. продукции без НДС, руб | E2: Стоимость без НДС, руб | F2: Комплектация без НДС | G2: Стоимость комплектации без НДС, руб | I2: расшифровка позиций 1/0 | J2: 1 | K2: 1СШ | L2: 2СШ
B3: =IF('КСО-204'!D15="","",расчет!C36) -> КСО-204 сх7ВВ-Линия, Шинный разъединитель: РВФЗ-10/1000, Вакуумный выключатель: VM12-10-20/1000, Блок управления: CVM 1.2 ВЕАШ468389.001-01, Микропроцессорная защита: АГАТ 200. А, Трансформаторы тока: 3хТПЛ-10 200/5 0,5S/10P, Линейный разъединитель: РВЗ-10/1000, Прибор учёта: Меркурий 234 АRTM(Х)2-00 (D)PBR.G, Трансформатор тока нулевой последовательности: ТЗЛМ-1 | C3: 0 | D3: =расчет!C35 -> 636183 | E3: =D3*C3 -> 2544732 | F3: =расчет!C34 -> 409844 | G3: =F3*C3 -> 1639376
B4: =IF('КСО-204'!E15="","",расчет!E36) -> КСО-204 сх7ВВ-Линия, Шинный разъединитель: РВФЗ-10/1000, Вакуумный выключатель: VM12-10-20/1000, Блок управления: CVM 1.2 ВЕАШ468389.001-01, Микропроцессорная защита: АГАТ 200. А, Трансформаторы тока: 3хТПЛ-10 600/5 0,5S/10P, Линейный разъединитель: РВЗ-10/1000, Прибор учёта: Меркурий 234 АRTM(Х)2-00 (D)PBR.G, Трансформатор тока нулевой последовательности: ТЗЛМ-1 | C4: 0 | D4: =расчет!E35 -> 636183 | E4: =D4*C4 -> 1272366 | F4: =расчет!E34 -> 409844 | G4: =F4*C4 -> 819688
B5: =IF('КСО-204'!F15="","",расчет!G36) -> КСО-204 сх7ВВ-Ввод, Шинный разъединитель: РВФЗ-10/1000, Вакуумный выключатель: VM12-10-20/1000, Блок управления: CVM 1.2 ВЕАШ468389.001-01, Микропроцессорная защита: АГАТ 200. АВ, Трансформаторы тока: 3хТПЛ-10 1000/5 0,5S/10P, Линейный разъединитель: РВЗ-10/1000, Прибор учёта: Меркурий 234 АRTM(Х)2-00 (D)PBR.G, Ограничитель перенапряжения: 3хОПН-П-6/7.2/10/550 | C5: 0 | D5: =расчет!G35 -> 645846 | E5: =D5*C5 -> 1291692 | F5: =расчет!G34 -> 418628 | G5: =F5*C5 -> 837256
B6: =IF('КСО-204'!G15="","",расчет!I36) -> КСО-204 сх15-400-ТСН, Шинный разъединитель: РВФЗ-10/1000, Трансформатор собственных нужд: ТЛС-25, 3хПатрон ПТ | C6: 0 | D6: =расчет!I35 -> 504607 | E6: =D6*C6 -> 1009214 | F6: =расчет!I34 -> 296723 | G6: =F6*C6 -> 593446
B7: =IF('КСО-204'!H15="","",расчет!K36) -> КСО-204 сх13-400-ТН, Шинный разъединитель: РВФЗ-10/1000, Микропроцессорная защита: АГАТ 200. В, Линейный разъединитель: ЗР-10, Трансформатор напряжения: НАМИТ-6, Ограничитель перенапряжения: 3хОПН-П-6/7.2/10/550 | C7: 0 | D7: =расчет!K35 -> 446484 | E7: =D7*C7 -> 892968 | F7: =расчет!K34 -> 262545 | G7: =F7*C7 -> 525090
B8: =IF('КСО-204'!I15="","",расчет!M36) -> КСО-204 сх3ВВ-СВ, Шинный разъединитель: РВФЗ-10/1000, Вакуумный выключатель: VM12-10-20/1000, Блок управления: CVM 1.2 ВЕАШ468389.001-01, Микропроцессорная защита: АГАТ 200. АВ, Трансформаторы тока: 3хТПЛ-10 800/5 0,5S/10P | C8: 0 | D8: =расчет!M35 -> 597437 | E8: =D8*C8 -> 597437 | F8: =расчет!M34 -> 374620 | G8: =F8*C8 -> 374620
B9: =IF('КСО-204'!J15="","",расчет!O36) -> КСО-204 сх24-1000-СР, Шинный разъединитель: РВФЗ-10/1000 | C9: 0 | D9: =расчет!O35 -> 135526 | E9: =D9*C9 -> 135526 | F9: =расчет!O34 -> 79693 | G9: =F9*C9 -> 79693
B10: =IF('КСО-204'!K15="","",расчет!Q36) | C10: 0 | D10: =расчет!Q35 -> 0 | E10: =D10*C10 -> 0 | F10: =расчет!Q34 -> 0 | G10: =F10*C10 -> 0
B11: =IF('КСО-204'!L15="","",расчет!S36) | C11: 0 | D11: =расчет!S35 -> 0 | E11: =D11*C11 -> 0 | F11: =расчет!S34 -> 0 | G11: =F11*C11 -> 0
B12: =IF('КСО-204'!M15="","",расчет!U36) | C12: 0 | D12: =расчет!U35 -> 0 | E12: =D12*C12 -> 0 | F12: =расчет!U34 -> 0 | G12: =F12*C12 -> 0
C13: =SUM(C3:C12) -> 14 | G13: =SUM(G3:G12) -> 4869169
C19: =IF(B19="",0,1) -> 0

Sheet Прайсы
A1: Трансформатортока | B1: без НДС | K1: Разъединитель | V1: ТТнулевойпоследлвательности | AF1: ТН | AP1: ОПН | AV1: МПЗ | BB1: Блокуправления | BG1: ТСН | BQ1: ТН | EX1: 211
A2: Код | B2: ТТ | C2: Цена | D2: Дата | E2: код1с | F2: код2с | G2: код3с | H2: код4с | I2: категория | K2: Код | L2: РВЗ | M2: Цена | N2: Дата | O2: Основание | P2: код1с | Q2: код2с | R2: код3с | S2: код4с | T2: категория | V2: Код | W2: ТТНП | X2: Поле1 | Y2: Дата | Z2: код1с | AA2: код2с | AB2: код3с | AC2: код4с | AD2: категория | AF2: Код | AG2: ТН | AH2: цена | AI2: Дата | AJ2: код1с | AK2: код2с | AL2: код3с | AM2: код4с | AN2: категория | AP2: Код | AQ2: ОПН | AR2: Цена | AS2: Дата | AT2: Основание | AV2: Код | AW2: МПЗ | AX2: Цена | AY2: Дата | AZ2: Основание | BB2: Код | BC2: БУ | BD2: цена | BE2: дата | BG2: Код | BH2: ТСН | BI2: Цена | BJ2: Дата | BK2: код1с | BL2: код2с | BM2: код3с | BN2: код4с | BO2: категория | BQ2: Код | BR2: ТН | BS2: цена | BT2: Дата | BU2: код1с | BV2: код2с | BW2: код3с | BX2: код4с | BY2: категория | CA2: Код | CB2: Выкл | CC2: цена | CD2: дата | CE2: место применения | CG2: Код | CH2: Доп | CI2: Цена | CJ2: Дата | CK2: Основание | CL2: код1с | CM2: код2с | CN2: код3с | CO2: код4с | CP2: категория | CR2: Код | CS2: Накладные | CT2: Цена | CU2: Дата | CW2: Код | CX2: счетчик | CY2: ном ток | CZ2: цена | DA2: дата | DC2: ШСН | DE2: Код | DF2: ПТ | DG2: Прайс код | DH2: Ном ток | DI2: цена | DJ2: дата | DL2: Код | DM2: КодСхема | DN2: ТИП | DO2: Схема | DP2: Назначение | DQ2: ШР | DR2: Вакуумник | DS2: БУ | DT2: МПЗ | DU2: колТТ | DV2: ТТ | DW2: ЛР | DX2: Счетчик | DY2: ТН | DZ2: ТСН | EA2: ПТ | EB2: ОПН | EC2: ТТНП | ED2: ШСН | EF2: Код | EG2: Имя | EH2: Цена | EI2: Дата | EK2: Ном. Ток | EL2: Сечение (Сu) | EM2: Вес 1 п/м, кг | EN2: Ном. Ток | EO2: Цена 1 п/м (фазы) | EQ2: Ном. Ток | ER2: Сечение (Al) | ES2: Вес 1 п/м, кг | ET2: Ном. Ток | EU2: Цена 1 п/м (фазы) | EW2: 630/1000 | EX2: 630/1000 | EY2: 1600
A3: 81 | B3: ТПЛ-10 50/5 0,2S/0,5S/10P | C3: 25800 | D3: 45614 | K3: 1 | L3: РВЗ-10/630 | M3: 17670 | N3: 45680 | O3: 1 | P3: ЭБ000003959 | Q3: ЭБ000003958 | T3: 3 | V3: 1 | W3: ТЗЛМ-1 | X3: 3450 | Y3: 45572 | Z3: Э0000001052 | AA3: м0000004378 | AB3: м0000004379 | AC3: Э0000000969 | AD3: 3 | AF3: 9 | AG3: 3хЗНОЛП-ЭК-10 М1ТА | AH3: 96400 | AI3: 44301 | AN3: 3 | AP3: 1 | AQ3: ОПН РТ/TEL 10/10,5 | AR3: 4752 | AS3: 45313 | AT3: 1 | AV3: 13 | AW3: «Орион-БПМ» | AX3: 16400 | AY3: 43518 | AZ3: 1 | BB3: 5 | BC3: TER_CM_16_1(220_4) | BD3: 42560 | BE3: 45826 | BG3: 17 | BH3: ОЛСП-0,63 | BI3: 39432 | BJ3: 45614 | BQ3: 9 | BR3: 3хЗНОЛП-ЭК-10 М1ТА | BS3: 96400 | BT3: 44301 | BY3: 3 | CA3: 90 | CB3: ISM15_LD_8(200_1)- 10-20/1000 | CC3: 183040 | CD3: 45826 | CE3: КСО204, КСО204м | CG3: 69 | CH3: ET-331 | CI3: 13871 | CJ3: 42363 | CK3: 2 | CP3: 5 | CR3: 2 | CS3: ФОТ КСО-204 | CT3: 42986.475 | CU3: 45736 | CW3: 22 | CX3: A1802RAL-P4G-DW-4 | CY3: 5 | CZ3: 35203 | DA3: 42432 | DC3: 48963 | DE3: 1 | DF3: 3хПатрон ПТ | DI3: 3030 | DJ3: 44638 | DL3: 1 | DM3: 1 | DN3: КСО-204м | DO3: 1ВВ | DP3: Линия | DQ3: РВЗ-10/630 | DR3: ESQ ВВ(F)-12-25/630 | DT3: АГАТ 200. А | DU3: 2 | DV3: ТЛО-10 600/5 0,5/10P | EC3: ТЗЛК-0,66-70 | EF3: 1 | EG3: Цена AL. за 1 кг | EH3: 350 | EI3: 45966 | EK3: 400 | EL3: 4х30 (Сu) | EM3: 1.08 | EN3: =EK3 -> 400 | EO3: =ROUND($EH$4*EM3*$EH$6,0) -> 1319 | EP3: Cu | EQ3: 400 | ER3: 4х40 (Ал) | ES3: 0.43 | ET3: =EQ3 -> 400 | EU3: =ROUND($EH$3*ES3*$EH$5,0) -> 188 | EV3: AL | EW3: 1 | EX3: 1 | EY3: 1
A4: 82 | B4: ТПЛ-10 75/5 0,2S/0,5S/10P | C4: 25800 | D4: 45614 | K4: 2 | L4: РВЗ-10/1000 | M4: 22568 | N4: 45680 | O4: 1 | P4: ЭБ000003956 | T4: 3 | V4: 2 | W4: CSH-120 | X4: 12810 | Y4: 42062 | AD4: 3 | AF4: 10 | AG4: 3хЗНОЛП-ЭК-6 М1ТА | AH4: 93300 | AI4: 44301 | AN4: 3 | AP4: 2 | AQ4: ОПН РТ/TEL 10/11,5 | AR4: 4752 | AS4: 45313 | AT4: 1 | AV4: 108 | AW4: TOP-200Л-22-3132 | AX4: 179071 | AY4: 45506 | AZ4: 2 | BB4: 6 | BC4: TER_CM_16_2(220_4) | BD4: 49420 | BE4: 45826 | BG4: 13 | BH4: ОЛСП-1,25 | BI4: 41952 | BJ4: 45614 | BK4: м0000004340 | BL4: м0000004341 | BO4: 3 | BQ4: 10 | BR4: 3хЗНОЛП-ЭК-6 М1ТА | BS4: 93300 | BT4: 44301 | BY4: 3 | CA4: 91 | CB4: ВВУ-СЭЩ-ПЭ-10-20/1000 | CC4: 115000 | CD4: 41134 | CE4: КСО204, КСО204м | CG4: 12 | CH4: ET431 | CI4: 14542 | CJ4: 42363 | CK4: 2 | CP4: 5 | CR4: 4 | CS4: Корпус КСО-204 | CT4: 37680 | CU4: 44301 | CW4: 20 | CX4: A1802RL-P4G-DW-4 | CY4: 5 | CZ4: 30923 | DA4: 42432 | DE4: 2 | DF4: 3хПатрон ПН | DI4: 611.79 | DJ4: 41115 | DL4: 2 | DM4: 2 | DN4: КСО-204м | DO4: 2ВВ | DP4: Линия | DQ4: РВЗ-10/630 | DR4: ESQ ВВ(F)-12-25/630 | DT4: АГАТ 200. А | DU4: 3 | DV4: ТЛО-10 600/5 0,5/10P | EC4: ТЗЛК-0,66-70 | EF4: 2 | EG4: Цена Cu за 1 кг | EH4: 1110 | EI4: 46036 | EK4: 630 | EL4: 5х40 (Сu) | EM4: 1.8 | EN4: =EK4 -> 630 | EO4: =ROUND($EH$4*EM4*$EH$6,0) -> 2198 | EP4: Cu | EQ4: 630 | ER4: 5х50 (Ал) | ES4: 0.68 | ET4: =EQ4 -> 630 | EU4: =ROUND($EH$3*ES4*$EH$5,0) -> 298 | EV4: AL | EW4: 8 | EX4: 8 | EY4: 8
A5: 83 | B5: ТПЛ-10 100/5 0,2S/0,5S/10P | C5: 25800 | D5: 45614 | K5: 3 | L5: РВФЗ-10/630 | M5: 23259.5 | N5: 45330 | O5: 1 | P5: ЭБ000003962 | T5: 3 | V5: 3 | W5: ТЗРЛ-70 | X5: 9500 | Y5: 42038 | Z5: м0000004389 | AD5: 3 | AF5: 1 | AG5: 3хЗНОЛП-ЭК-10 М1Т | AH5: 86292 | AI5: 45614 | AJ5: м0000004325 | AN5: 3 | AP5: 3 | AQ5: ОПН РТ/TEL 6/6,9 | AR5: 4032 | AS5: 45313 | AT5: 1 | AV5: 136 | AW5: VAMP50-3AAA3BBD | AX5: 78539 | AY5: 42276 | AZ5: 2 | BB5: 9 | BC5: CVM 1.1 ВЕАШ468389.001 | BD5: 26520 | BE5: 45300 | BG5: 7 | BH5: ТЛС-16 | BI5: 167000 | BJ5: 45604 | BK5: Э0000000970 | BO5: 3 | BQ5: 1 | BR5: 3хЗНОЛП-ЭК-10 М1Т | BS5: 86292 | BT5: 45614 | BU5: м0000004325 | BY5: 3 | CA5: 92 | CB5: ВВТ-10-20/1000 | CC5: 127083 | CD5: 44634 | CE5: КСО204, КСО204м | CG5: 39 | CH5: GPRS-модем Link ST100, блок питания, Антена на магнитном основании | CI5: 16000 | CJ5: 44714 | CK5: 3 | CP5: 5 | CR5: 9 | CS5: ФОТ ЩО | CT5: 21160.283 | CU5: 45736 | CW5: 34 | CX5: A1805RAL-P4GB-DW-4 | CY5: 5 | CZ5: 31610 | DA5: 42432 | DL5: 3 | DM5: 5 | DN5: КСО-204м | DO5: 5ВВ | DP5: СВ | DQ5: РВЗ-10/630 | DR5: ESQ ВВ(F)-12-25/630 | DT5: АГАТ 200. АВ | DU5: 3 | DV5: ТЛО-10 600/5 0,5/10P | EF5: 3 | EG5: Монтаж СШ (Ал.) | EH5: 1.25 | EI5: 40909 | EK5: 1000 | EL5: 6х60 (Сu) | EM5: 3.24 | EN5: =EK5 -> 1000 | EO5: =ROUND($EH$4*EM5*$EH$6,0) -> 3956 | EP5: Cu | EQ5: 1000 | ER5: 8х60 (Ал) | ES5: 1.3 | ET5: =EQ5 -> 1000 | EU5: =ROUND($EH$3*ES5*$EH$5,0) -> 569 | EV5: AL | EW5: 4 | EX5: 4 | EY5: =4*2 -> 8
A6: 84 | B6: ТПЛ-10 150/5 0,2S/0,5S/10P | C6: 25800 | D6: 45614 | K6: 4 | L6: РВФЗ-10/1000 | M6: 34320 | N6: 45330 | O6: 1 | P6: ЭБ000003961 | T6: 3 | V6: 4 | W6: ТЗРЛ-100 | X6: 10100 | Y6: 42985 | Z6: м0000004386 | AD6: 3 | AF6: 2 | AG6: 3хЗНОЛП-ЭК-6 М1Т | AH6: 83472 | AI6: 45614 | AJ6: м0000004327 | AN6: 3 | AP6: 4 | AQ6: ОПН РТ/TEL 6/7,2 | AR6: 4032 | AS6: 45313 | AT6: 1 | AV6: 103 | AW6: VAMP52 (базовый блок, 220В,RJ-45 Ethernet) | AX6: 80366.48 | AY6: 41736 | AZ6: 1 | BB6: 10 | BC6: CVM 1.2 ВЕАШ468389.001-01 | BD6: 29620 | BE6: 45300 | BG6: 8 | BH6: ТЛС-25 | BI6: 214000 | BJ6: 45604 | BK6: Э0000000910 | BO6: 3 | BQ6: 2 | BR6: 3хЗНОЛП-ЭК-6 М1Т | BS6: 83472 | BT6: 45614 | BU6: м0000004327 | BY6: 3 | CA6: 93 | CB6: ВВТ-10-20/630 | CC6: 125000 | CD6: 44747 | CE6: КСО204, КСО204м | CG6: 29 | CH6: GSM-шлюз Меркурий 228 | CI6: 10268.5 | CJ6: 42396 | CP6: 5 | CR6: 11 | CS6: Корпус КСО-393 | CT6: 10803 | CU6: 44301 | CW6: 23 | CX6: A1805RAL-P4G-DW-4 | CY6: 5 | CZ6: 29830 | DA6: 42432 | DL6: 4 | DM6: 6 | DN6: КСО-204м | DO6: 6ВВ | DP6: Ввод | DQ6: РВЗ-10/630 | DR6: ESQ ВВ(F)-12-25/630 | DT6: АГАТ 200. АВ | DU6: 2 | DV6: ТЛО-10 600/5 0,5/10P | DW6: РВЗ-10/630 | DZ6: ОЛСП1,25М2 | EC6: ТЗЛК-0,66-70 | EF6: 4 | EG6: Монтаж СШ (Сu) | EH6: 1.1 | EI6: 40909 | EW6: AL | EX6: Cu | EY6: Cu
A7: 85 | B7: ТПЛ-10 200/5 0,2S/0,5S/10P | C7: 25800 | D7: 45614 | K7: 5 | L7: ВНА-10/630 с ПР-10 | M7: 23210 | N7: 45680 | O7: 1 | P7: ЭБ000001297 | Q7: ЭБ000001298 | R7: ЭБ000001301 | S7: ЭБ000001303 | T7: 3 | V7: 5 | W7: ТЗРЛ-125 | X7: 10600 | Y7: 42038 | Z7: м0000004387 | AD7: 3 | AF7: 3 | AG7: НТМИ-10 | AH7: 26961 | AI7: 40909 | AJ7: Э0000000906 | AN7: 3 | AP7: 5 | AQ7: ОПН РB/TEL 10/12,6 | AR7: 3769 | AS7: 45699 | AT7: 1 | AV7: 147 | AW7: АГАТ 200. А | AX7: 70833 | AY7: 45677 | AZ7: 2 | BB7: 11 | BC7: КЭПС-В-6Т | BD7: 29688 | BE7: 44665 | BG7: 9 | BH7: ТЛС-40 | BI7: 235000 | BJ7: 45604 | BK7: Э0000000398 | BL7: Э0000000569 | BO7: 3 | BQ7: 3 | BR7: НТМИ-10 | BS7: 26961 | BT7: 40909 | BU7: Э0000000906 | BY7: 3 | CA7: 94 | CB7: ВВР-10-20/630 | CC7: 125000 | CD7: 44923 | CE7: КСО204, КСО204м | CG7: 60 | CH7: MES 114F (220В ПОСТОЯННОГО, ПЕРЕМЕННОГО ТОКА) | CI7: 28423.12 | CJ7: 42068 | CP7: 5 | CR7: 13 | CS7: ФОТ КСО-393 | CT7: 6823.3725 | CU7: 45736 | CW7: 73 | CX7: A1805RALXQV-P4G1B1-DW-4 | CY7: 5 | CZ7: 64740 | DA7: 43896 | DL7: 5 | DM7: 61 | DN7: КСО-204м | DO7: 6.1ВВ | DP7: Ввод | DQ7: РВЗ-10/630 | DR7: ESQ ВВ(F)-12-25/630 | DT7: АГАТ 200. АВ | DU7: 2 | DV7: ТЛО-10 600/5 0,5/10P | DW7: РВЗ-10/630 | DZ7: ОЛСП1,25М2 | EB7: ОПН РТ/TEL 10/11,5 | EC7: ТЗЛК-0,66-70 | EW7: =EW3*EU3 -> 188 | EX7: =EX3*EO3 -> 1319 | EY7: =EY3*EO3 -> 1319
A8: 86 | B8: ТПЛ-10 300/5 0,2S/0,5S/10P | C8: 24720 | D8: 45614 | K8: 6 | L8: ВНА-10/630п с ПР-10 | M8: 31390 | N8: 45680 | O8: 1 | P8: ЭБ000001304 | Q8: ЭБ000001305 | T8: 3 | V8: 6 | W8: ТЗРЛ-200 | X8: 12300 | Y8: 42038 | Z8: м0000004388 | AD8: 3 | AF8: 4 | AG8: НТМИ-6 | AH8: 24370 | AI8: 40909 | AJ8: Э0000000906 | AN8: 3 | AP8: 6 | AQ8: ОПН РB/TEL 6/7,6 | AR8: 2899 | AS8: 45699 | AT8: 1 | AV8: 163 | AW8: АГАТ 200. АВ | AX8: 79167 | AY8: 45677 | AZ8: 2 | BG8: 10 | BH8: ТЛС-63 | BI8: 285000 | BJ8: 45604 | BO8: 3 | BQ8: 4 | BR8: НТМИ-6 | BS8: 24370 | BT8: 40909 | BU8: Э0000000906 | BY8: 3 | CA8: 98 | CB8: ВВР-10-20/1000 | CC8: 123333 | CD8: 45127 | CE8: КСО204, КСО204м | CG8: 68 | CH8: PAC3200 | CI8: 32250 | CJ8: 42326 | CP8: 5 | CR8: 14 | CS8: Накладные К-104 | CT8: 164401.82 | CU8: 45736 | CW8: 21 | CX8: A1805RL-P4G-DW-4 | CY8: 5 | CZ8: 25356 | DA8: 42432 | DL8: 6 | DM8: 7 | DN8: КСО-204м | DO8: 7ВВ | DP8: Линия | DQ8: РВЗ-10/630 | DR8: ESQ ВВ(F)-12-25/630 | DT8: АГАТ 200. А | DU8: 3 | DV8: ТЛО-10 600/5 0,5/10P | DW8: РВЗ-10/630 | EC8: ТЗЛК-0,66-70 | EW8: =EW4*EU4 -> 2384 | EX8: =EX4*EO4 -> 17584 | EY8: =EY4*EO4 -> 17584
A9: 87 | B9: ТПЛ-10 400/5 0,2S/0,5S/10P | C9: 24720 | D9: 45614 | K9: 7 | L9: ВНА-10/630 СЭЩ | M9: 14723.5 | N9: 41109 | T9: 3 | V9: 7 | W9: ТЗЛЭ-125 | X9: 8800 | Y9: 42038 | Z9: м0000004383 | AD9: 3 | AF9: 5 | AG9: НАМИТ-6 | AH9: 37950 | AI9: 42075 | AJ9: м0000004410 | AN9: 3 | AP9: 7 | AQ9: РВО-10 | AR9: 1900 | AS9: 43732 | AV9: 154 | AW9: АГАТ 200. АВЭ | AX9: 39500 | AY9: 43808 | AZ9: 1 | BG9: 15 | BH9: ТМГ-16 | BI9: 100500 | BJ9: 45604 | BQ9: 5 | BR9: НАМИТ-6 | BS9: 37950 | BT9: 42075 | BU9: м0000004410 | BY9: 3 | CA9: 99 | CB9: ВВР-10-20/1600 | CC9: 132203 | CD9: 43342 | CE9: КСО204, КСО204м | CG9: 63 | CH9: Satec PM130EH Plus | CI9: 36632 | CJ9: 42075 | CP9: 5 | CR9: 15 | CS9: Корпус К-104 | CT9: 75766 | CU9: 44301 | CW9: 63 | CX9: BINOM339iU3.57I3.5 | CY9: 5 | CZ9: 151866 | DA9: 42985 | DL9: 7 | DM9: 8 | DN9: КСО-204м | DO9: 8ВВ | DP9: Линия | DQ9: РВЗ-10/630 | DR9: ESQ ВВ(F)-12-25/630 | DT9: АГАТ 200. А | DU9: 2 | DV9: ТЛО-10 600/5 0,5/10P | DW9: РВЗ-10/630 | EC9: ТЗЛК-0,66-70 | EW9: =EW5*EU5 -> 2276 | EX9: =EX5*EO5 -> 15824 | EY9: =EY5*EO5 -> 31648
A10: 88 | B10: ТПЛ-10 500/5 0,2S/0,5S/10P | C10: 24720 | D10: 45614 | K10: 8 | L10: ВНА-10/630п СЭЩ | M10: 19057.5 | N10: 41109 | T10: 3 | V10: 8 | W10: ТЗЛК-0,66-70 | X10: 1950 | Y10: 42767 | Z10: м0000004376 | AD10: 3 | AF10: 6 | AG10: НАМИТ-10 | AH10: 37950 | AI10: 42075 | AJ10: м0000004331 | AK10: м0000004332 | AN10: 3 | AP10: 8 | AQ10: РВО-6 | AR10: 1800 | AS10: 45568 | AV10: 153 | AW10: АГАТ 200. В | AX10: 70833 | AY10: 45677 | AZ10: 2 | BG10: 2 | BH10: ТМГ-25 | BI10: 111000 | BJ10: 45604 | BK10: м0000004432 | BL10: м0000004433 | BO10: 3 | BQ10: 6 | BR10: НАМИТ-10 | BS10: 37950 | BT10: 42075 | BU10: м0000004331 | BV10: м0000004332 | BY10: 3 | CA10: 100 | CB10: ISM15_Shell-31,5/2000 | CC10: 270762 | CD10: 45699 | CE10: КСО204, КСО204м | CG10: 50 | CH10: Satec PM130p plus 5-50hz-h-acdc-870 | CI10: 17082 | CJ10: 44084 | CK10: 2 | CP10: 5 | CR10: 16 | CS10: ФОТ К-104 | CT10: 102750.79 | CU10: 45736 | CW10: 54 | CX10: Альфа AV10-RAL-P14B-4 | CY10: 5 | CZ10: 15695 | DA10: 42432 | DL10: 8 | DM10: 81 | DN10: КСО-204м | DO10: 8.1ВВ | DP10: Линия | DQ10: РВЗ-10/630 | DR10: ESQ ВВ(F)-12-25/630 | DT10: АГАТ 200. А | DU10: 2 | DV10: ТЛО-10 600/5 0,5/10P | DW10: РВЗ-10/630 | EB10: ОПН РТ/TEL 10/11,5 | EC10: ТЗЛК-0,66-70 | EW10: =SUM(EW7:EW9) -> 4848 | EX10: =SUM(EX7:EX9) -> 34727 | EY10: =SUM(EY7:EY9) -> 50551
A11: 89 | B11: ТПЛ-10 600/5 0,2S/0,5S/10P | C11: 24720 | D11: 45614 | K11: 9 | L11: Зазем РВЗ-И-10/31,5-150 | M11: 34717.826 | N11: 43536 | O11: 1 | T11: 3 | V11: 10 | W11: ТЗЛКР-0,66-70 | X11: 6095 | Y11: 45614 | AF11: 7 | AG11: ЗНОЛП-ЭК-6 М1 | AH11: 14800 | AI11: 44406 | AN11: 3 | AP11: 9 | AQ11: ОПН 10кВ | AR11: 1410 | AS11: 41746 | AV11: 162 | AW11: АГАТ 200. ДЭ | AX11: 100000 | AY11: 45888 | AZ11: 1 | BG11: 3 | BH11: ТМГ-40 | BI11: 125300 | BJ11: 45604 | BK11: Э0000000973 | BO11: 3 | BQ11: 7 | BR11: ЗНОЛП-ЭК-6 М1 | BS11: 14800 | BT11: 44406 | BY11: 3 | CA11: 104 | CB11: VF12-S-10-20/630 | CC11: 132990 | CD11: 44946 | CE11: КСО204, КСО204м | CG11: 55 | CH11: SDM-TC65 (с блоком питания и антеной) | CI11: 7500 | CJ11: 41736 | CK11: 1 | CP11: 5 | CR11: 18 | CS11: Тележка К-104 | CT11: 87224 | CU11: 45736 | CW11: 53 | CX11: Матрица NP 73L.3-5-2 | CY11: 5 | CZ11: 8563 | DA11: 42068 | DL11: 9 | DM11: 9 | DN11: КСО-204 | DO11: 9-400 | DP11: Линия | DQ11: РВЗ-10/630 | EA11: 3хПатрон ПТ
A12: 90 | B12: ТПЛ-10 800/5 0,2S/0,5S/10P | C12: 24720 | D12: 45614 | K12: 10 | L12: ЗР-10 | M12: 11519 | N12: 45680 | O12: 1 | P12: ЭБ000001601 | T12: 3 | V12: 11 | W12: ТЗЛКР-0,66-100 | X12: 6670 | Y12: 45614 | AF12: 8 | AG12: ЗНОЛП-ЭК-10 М1 | AH12: 15700 | AI12: 44406 | AN12: 3 | AP12: 10 | AQ12: ОПН 6кВ | AR12: 1410 | AS12: 41746 | AV12: 159 | AW12: АГАТ-100 | AX12: 45833 | AY12: 45677 | BG12: 4 | BH12: ТМГ-63 | BI12: 147600 | BJ12: 45604 | BK12: м0000004435 | BL12: м0000004436 | BO12: 3 | BQ12: 8 | BR12: ЗНОЛП-ЭК-10 М1 | BS12: 15700 | BT12: 44406 | BY12: 3 | CA12: 114 | CB12: Вакуумный контактор UVC 64 CX1 стац 400А | CC12: 73580 | CD12: 44267 | CE12: КСО204 | CG12: 80 | CH12: SIMEAS 7KG77500AA03-0AA0 | CI12: 36500 | CJ12: 42811 | CP12: 5 | CR12: 19 | CS12: Корпус КСО-211 | CT12: 105556 | CU12: 44301 | CW12: 40 | CX12: Матрица NP541.58Т, 0,5S/2,0 | CY12: 5 | CZ12: 7622 | DA12: 41164 | DL12: 10 | DM12: 10 | DN12: КСО-204 | DO12: 10 | DP12: Линия | DQ12: РВЗ-10/630 | DW12: ВНА-10/630п с ПР-10
A13: 91 | B13: ТПЛ-10 1000/5 0,2S/0,5S/10P | C13: 24720 | D13: 45614 | K13: 11 | L13: РВ-10/630 | M13: 14950 | N13: 45680 | O13: 1 | P13: ЭБ000003954 | T13: 3 | V13: 12 | W13: ТЗЛКР-0,66-125 | X13: 8165 | Y13: 45614 | AG13: 3хЗНОЛП-ЭК-3_М1 | AH13: 42102 | AN13: 3 | AP13: 12 | AQ13: ОПН KP/TEL 6/6,9 | AR13: 2888 | AS13: 45313 | AT13: 1 | AV13: 175 | AW13: Алтей-01-220-4IT-4U-IO-RSTX-Arc-IoT | AX13: 175250 | AY13: 45699 | BG13: 14 | BH13: ТСКС-16 | BI13: 146500 | BJ13: 45604 | BO13: 3 | BR13: 3хЗНОЛП-ЭК-3_М1 | BS13: 42102 | BY13: 3 | CA13: 115 | CB13: ВЭ/TER_VCB15_LD8_RD-20/1000 | CC13: 308116 | CD13: 45624 | CE13: К104 | CG13: 49 | CH13: SPA-ZC17MM2A | CI13: 33248 | CJ13: 41522 | CP13: 5 | CR13: 20 | CS13: ФОТ КСО-211 | CT13: 55803.037 | CU13: 45736 | CW13: 52 | CX13: Матрица NP73e.3-9-1 | CY13: 5 | CZ13: 22000 | DA13: 41736 | DL13: 11 | DM13: 12 | DN13: КСО-204 | DO13: 12-630ТН | DP13: ТН | DQ13: РВЗ-10/630 | DT13: АГАТ 200. В | DW13: РВФЗ-10/630 | DY13: 3хЗНОЛП-ЭК-10 М1Т | EB13: ОПН РТ/TEL 10/11,5
A14: 92 | B14: ТПЛ-10 1500/5 0,2S/0,5S/10P | C14: 24720 | D14: 45614 | K14: 12 | L14: РВЗ-10/400 | M14: 16367 | N14: 45680 | O14: 1 | T14: 3 | V14: 13 | W14: ТЗЛКР-0,66-200 | X14: 10120 | Y14: 45614 | AG14: НОЛ-ЭК-10 М1 6000/100-0,5-50 | AH14: 19000 | AI14: 44476 | AN14: 3 | AP14: 13 | AQ14: ОПН KP/TEL 10/11,5 | AR14: 4032 | AS14: 45313 | AT14: 1 | AV14: 172 | AW14: Бастион МПЗ-03 | AX14: 127500 | AY14: 45519 | AZ14: 1 | BG14: 5 | BH14: ТСКС-25 | BI14: 213250 | BJ14: 45604 | BK14: м0000004490 | BO14: 3 | BR14: НОЛ-ЭК-10 М1 6000/100-0,5-50 | BS14: 19000 | BT14: 44476 | BY14: 3 | CA14: 116 | CB14: ВЭ/TER_VCB15_LD8_RD-20/630 | CC14: 308116 | CD14: 45624 | CE14: К104 | CG14: 73 | CH14: TER_Cbunit_ManGen_1 | CI14: 21665.52 | CJ14: 45407 | CK14: 1 | CP14: 5 | CR14: 21 | CS14: RamBlock | CT14: 68900 | CU14: 42034 | CW14: 2 | CX14: Меркурий 230 AR-00 С (R) | CY14: 5 | CZ14: 4091 | DA14: 44314 | DL14: 12 | DM14: 121 | DN14: КСО-204 | DO14: 12.1-630ТН | DP14: ТН | DQ14: РВЗ-10/630 | DT14: АГАТ 200. В | DW14: РВФЗ-10/630 | DY14: 3хЗНОЛП-ЭК-10 М1Т | EB14: ОПН РТ/TEL 10/11,5
A15: 93 | B15: ТПЛ-10 50/5 0,5S/0,5/10P | C15: 24720 | D15: 45614 | K15: 13 | L15: ВНВР-10/630-20 | M15: 53991.3 | N15: 45356 | O15: 1 | T15: 3 | V15: 14 | W15: ТЗЛК-0,66-100 | X15: 5290 | Y15: 45614 | Z15: м0000004376 | AD15: 3 | AG15: НОЛ-ЭК-10 М1 3000/100-0,5-50 | AH15: 15000 | AI15: 43115 | AN15: 3 | AP15: 14 | AQ15: ОПНп-35/40,5/10 | AR15: 13566 | AS15: 42807 | AT15: 2 | AV15: 174 | AW15: Бастион МПЗ-03pro | AX15: 118333 | AY15: 45519 | AZ15: 1 | BG15: 6 | BH15: ТСКС-40 | BI15: 270400 | BJ15: 41076 | BK15: м0000004491 | BL15: Э0000000520 | BO15: 3 | BR15: НОЛ-ЭК-10 М1 3000/100-0,5-50 | BS15: 15000 | BT15: 43115 | BY15: 3 | CA15: 117 | CB15: ВЭ/TER_VCB15_Shell2_RD-31,5/1600 | CC15: 448986 | CD15: 45624 | CE15: К104 | CG15: 51 | CH15: UMG 508 | CI15: 45000 | CJ15: 41715 | CK15: 3 | CP15: 5 | CR15: 22 | CS15: Корпус ПКУ | CT15: 34740 | CU15: 44301 | CW15: 4 | CX15: Меркурий 230 АRT-00 P(Q)С(R)SIDN | CY15: 5 | CZ15: 5653 | DA15: 44314 | DL15: 13 | DM15: 13 | DN15: КСО-204м | DO15: 13-400ТН | DP15: ТН | DQ15: РВЗ-10/630 | DT15: АГАТ 200. В | DW15: ЗР-10 | DY15: 3хЗНОЛП-ЭК-10 М1Т | EB15: ОПН РТ/TEL 10/11,5
A16: 94 | B16: ТПЛ-10 75/5 0,5S/0,5/10P | C16: 24720 | D16: 45614 | K16: 14 | L16: ВНВР-10/630-20п | M16: 70216.3 | N16: 45356 | O16: 1 | T16: 3 | V16: 15 | W16: ТЗЛК-0,66-125 | X16: 6670 | Y16: 45614 | Z16: м0000004376 | AD16: 3 | AG16: НАЛИ-НТЗ-6 | AH16: 80600 | AI16: 45572 | AN16: 3 | AP16: 15 | AQ16: ОПНп-27,5/30/10 | AR16: 12698 | AS16: 42807 | AT16: 2 | AV16: 173 | AW16: Бастион МПЗ-03ТН | AX16: 121667 | AY16: 45519 | AZ16: 1 | BR16: НАЛИ-НТЗ-6 | BS16: 80600 | BT16: 45572 | BY16: 3 | CA16: 118 | CB16: Выдвижной элемент К-104 | CC16: 56085 | CD16: 43342 | CE16: К104 | CG16: 40 | CH16: АВР ATS021 (1SDA065523R1) | CI16: 44103 | CJ16: 41304 | CK16: 2 | CP16: 5 | CR16: 23 | CS16: Накладные ПКУ | CT16: 51848.37 | CU16: 45736 | CW16: 8 | CX16: Меркурий 230 АRT-00 P(Q)С(R)SIGDN | CY16: 5 | CZ16: 18000.58 | DA16: 40909 | DL16: 14 | DM16: 14 | DN16: КСО-204м | DO16: 14-400ТН | DP16: ТН | DQ16: РВЗ-10/630 | DT16: АГАТ 200. В | DY16: 3хЗНОЛП-ЭК-10 М1Т | EB16: ОПН РТ/TEL 10/11,5
A17: 95 | B17: ТПЛ-10 100/5 0,5S/0,5/10P | C17: 24720 | D17: 45614 | K17: 17 | L17: РВЗ-СЭЩ-10/1600 | M17: 24200 | N17: 41711 | T17: 3 | V17: 16 | W17: ТЗЛК-0,66-200 | X17: 8970 | Y17: 45614 | Z17: м0000004376 | AD17: 3 | AG17: НАЛИ-НТЗ-10 | AH17: 80600 | AI17: 45572 | AN17: 3 | AP17: 16 | AQ17: ОПНп-3/550/3,6 | AR17: 1690 | AS17: 43224 | AV17: 24 | AW17: Без МПЗ | AX17: 10000 | AY17: 41068 | BR17: НАЛИ-НТЗ-10 | BS17: 80600 | BT17: 45572 | BY17: 3 | CA17: 119 | CB17: ВЭ/VD4-10-25/1000 | CC17: 207500 | CD17: 41432 | CE17: К104 | CG17: 52 | CH17: АВР-3/3-22 | CI17: 11500 | CJ17: 44714 | CP17: 5 | CR17: 24 | CS17: ФОТ ПКУ | CT17: 32073.93 | CU17: 45736 | CW17: 3 | CX17: Меркурий 230 АRT-00 С (R)N | CY17: 5 | CZ17: 6113 | DA17: 45406 | DL17: 15 | DM17: 15 | DN17: КСО-204м | DO17: 15-400ТСН | DP17: ТСН | DQ17: РВЗ-10/630 | DZ17: ТМГ-25 | EA17: 3хПатрон ПТ
A18: 96 | B18: ТПЛ-10 150/5 0,5S/0,5/10P | C18: 24720 | D18: 45614 | K18: 18 | L18: РВФЗ-СЭЩ-10/1600 | M18: 24200 | N18: 41711 | T18: 3 | V18: 17 | W18: ТЗЛК-0,66-70 | X18: 5060 | Y18: 45614 | AG18: НАЛИ-ЭК 6 М4 | AH18: 92690 | AI18: 45614 | AN18: 3 | AP18: 17 | AQ18: ОПН-П-10/12/10/550 | AR18: 1900 | AS18: 45693 | AT18: 1 | AV18: 141 | AW18: БЗП-01 | AX18: 35000 | AY18: 42611 | AZ18: 2 | BR18: НАЛИ-ЭК 6 М4 | BS18: 92690 | BT18: 45614 | BY18: 3 | CA18: 120 | CB18: ВЭ К-104М с ВВР-10-20/1000 | CC18: 272600 | CD18: 45882 | CE18: К104 | CG18: 7 | CH18: Амперметр | CI18: 1596 | CJ18: 44407 | CL18: ЭБ000000360 | CM18: ЭБ000000361 | CN18: ЭБ000000367 | CO18: ЭБ000000371 | CP18: 5 | CR18: 25 | CS18: OptiboxM | CT18: 37680 | CU18: 43285 | CW18: 6 | CX18: Меркурий 230 АRT2-00 P(Q)С(R)SIDN | CY18: 5 | CZ18: 8926.32 | DA18: 40909 | DL18: 16 | DM18: 31 | DN18: КСО-204м | DO18: 31-400 | DP18: ЗСШ | DW18: ЗР-10
A19: 97 | B19: ТПЛ-10 200/5 0,5S/0,5/10P | C19: 24720 | D19: 45614 | K19: 19 | L19: РВЗ-10/1600 | M19: 45050.8 | N19: 45702 | T19: 3 | AG19: НАЛИ-ЭК 10 М4 | AH19: 92690 | AI19: 45614 | AN19: 3 | AP19: 18 | AQ19: ОПН-П-6/7.2/10/550 | AR19: 1900 | AS19: 45693 | AT19: 1 | AV19: 29 | AW19: БИМ 2130.55 АДР01 | AX19: 47500 | AY19: 40959 | BR19: НАЛИ-ЭК 10 М4 | BS19: 92690 | BT19: 45614 | BY19: 3 | CA19: 121 | CB19: ВЭ К-104М с ВВР-10-20/1600 | CC19: 296200 | CD19: 45882 | CE19: К104 | CG19: 97 | CH19: Амперметр цифровой AD-721 | CI19: 1526 | CJ19: 44460 | CP19: 5 | CR19: 26 | CS19: ЩО-70-1 | CT19: 16660 | CU19: 45736 | CW19: 9 | CX19: Меркурий 230 АRT2-00 PСSIGDN | CY19: 5 | CZ19: 20000.36 | DA19: 40909 | DL19: 17 | DM19: 41 | DN19: КСО-204м | DO19: 4.1ВВ | DP19: СВ | DQ19: РВЗ-10/630 | DR19: ESQ ВВ(F)-12-25/630 | DT19: Сириус - 2-С-БПТ | DU19: 2 | DV19: ТЛО-10 600/5 0,5/10P
A20: 98 | B20: ТПЛ-10 300/5 0,5S/0,5/10P | C20: 24720 | D20: 45614 | K20: 20 | L20: РВФЗ-10/1600 | M20: 75900 | N20: 45702 | T20: 3 | AG20: НАЛИ-ЭК-6-М6П—0.5/3P-75/400-6000-100/100 У2 (антирезонансный) | AH20: 97865 | AI20: 45614 | AN20: 3 | AV20: 30 | AW20: БИМ 5160.00 АДР01С1 | AX20: 24698 | AY20: 40959 | BR20: НАЛИ-ЭК-6-М6П—0.5/3P-75/400-6000-100/100 У2 (антирезонансный) | BS20: 97865 | BT20: 45614 | BY20: 3 | CA20: 122 | CB20: ВЭ К-104М с ВВР-10-20/630 | CC20: 261000 | CD20: 45882 | CE20: К104 | CG20: 19 | CH20: Амперметр цифровой ЩП02М 100/5 с RS485 | CI20: 8112.5 | CJ20: 41109 | CP20: 5 | CR20: 27 | CS20: ЩО-70-2 | CT20: 16660 | CU20: 45736 | CW20: 61 | CX20: Меркурий 230 АRTM2-00 RB.R | CY20: 5 | CZ20: 13480 | DA20: 44314 | DL20: 18 | DM20: 122 | DN20: КСО-204м | DO20: 12.2-630ТН | DP20: ТН | DQ20: РВЗ-10/630 | DT20: АГАТ 200. В | DY20: 3хЗНОЛП-ЭК-10 М1Т | EB20: ОПН РТ/TEL 10/11,5
A21: 99 | B21: ТПЛ-10 400/5 0,5S/0,5/10P | C21: 24720 | D21: 45614 | AG21: НАЛИ-ЭК–10–М6П–0,5/3P–30/50–10000–100/100 УХЛ3 (антирезонансный) | AH21: 97865 | AI21: 45614 | AN21: 3 | AV21: 164 | AW21: БМРЗ-100 | AX21: 78960 | AY21: 44945 | AZ21: 1 | BR21: НАЛИ-ЭК–10–М6П–0,5/3P–30/50–10000–100/100 УХЛ3 (антирезонансный) | BS21: 97865 | BT21: 45614 | BY21: 3 | CA21: 123 | CB21: ВЭ К-104М с ВВР-10-31,5/1600 | CC21: 386685 | CD21: 45882 | CE21: К104 | CG21: 27 | CH21: АСЕ-949-2 | CI21: 11127.14 | CJ21: 42068 | CP21: 5 | CR21: 28 | CS21: ЩО-70-3 | CT21: 16660 | CU21: 45736 | CW21: 1 | CX21: Меркурий 230 АМ-00 | CY21: 5 | CZ21: 2302 | DA21: 44314 | DL21: 19 | DM21: 151 | DN21: КСО-204м | DO21: 15.1-400ТСН | DP21: ТСН | DQ21: РВЗ-10/630 | DZ21: ТЛС-16 | EA21: 3хПатрон ПТ
A22: 100 | B22: ТПЛ-10 500/5 0,5S/0,5/10P | C22: 24720 | D22: 45614 | AV22: 38 | AW22: БМРЗ-101-2-Д-КЛ-01 | AX22: 107376 | AY22: 44945 | AZ22: 1 | CA22: 124 | CB22: Shell2-1 2000A на тележке К-104 | CC22: 240230 | CD22: 43360 | CE22: К104 | CG22: 3 | CH22: БАВ/TEL-220-02 | CI22: 6142.5 | CJ22: 41261 | CP22: 5 | CR22: 29 | CS22: ЩО-НКУ | CT22: 16660 | CU22: 45736 | CW22: 77 | CX22: Меркурий 234 ARTMX2-03 (D)PBR.G | CY22: 5 | CZ22: 18616 | DA22: 45310 | DL22: 21 | DM22: 241 | DN22: КСО-204м | DO22: 24.1-600 | DP22: СР | DQ22: РВЗ-10/630
A23: 101 | B23: ТПЛ-10 600/5 0,5S/0,5/10P | C23: 24720 | D23: 45614 | AV23: 62 | AW23: БМРЗ-102-2-Д-КЛ-01 | AX23: 107376 | AY23: 44945 | AZ23: 1 | CA23: 126 | CB23: ВЭ/TER_VCB15_Shell2_RD-31,5/2000 | CC23: 493479 | CD23: 45624 | CE23: К104 | CG23: 6 | CH23: БИН | CI23: 12900 | CJ23: 44662 | CP23: 5 | CR23: 31 | CS23: Корпус КСО-204м | CT23: 37680 | CU23: 44301 | CW23: 57 | CX23: Меркурий 234 АRT-00 P | CY23: 5 | CZ23: 6250 | DA23: 44314 | DL23: 22 | DM23: 282 | DN23: КСО-204м | DO23: 28.2А | DP23: СР+ШСН | DQ23: РВЗ-10/630 | ED23: ШСН
A24: 102 | B24: ТПЛ-10 800/5 0,5S/0,5/10P | C24: 24720 | D24: 45614 | AV24: 63 | AW24: БМРЗ-103-2-Д-ВВ-01 | AX24: 107376 | AY24: 44945 | AZ24: 1 | CA24: 135 | CB24: Касетный элемент КСО211 | CC24: 29200 | CD24: 41233 | CE24: КСО211 | CG24: 117 | CH24: БИН СКВН-2 | CI24: 6530 | CJ24: 45904 | CP24: 5 | CR24: 32 | CS24: Накладные КСО-211 Линия | CT24: 128902.1 | CU24: 45736 | CW24: 58 | CX24: Меркурий 234 АRT2-00 P | CY24: 5 | CZ24: 10031 | DA24: 44314 | DL24: 23 | DM24: 283 | DN24: КСО-204м | DO24: 28.3А | DP24: СР+ШСН | DQ24: РВЗ-10/630 | ED24: ШСН
A25: 103 | B25: ТПЛ-10 1000/5 0,5S/0,5/10P | C25: 24720 | D25: 45614 | AV25: 37 | AW25: БМРЗ-103-2-Д-СВ-01 | AX25: 107376 | AY25: 44945 | AZ25: 1 | CA25: 136 | CB25: КВЭ (Бриз) ВВТ-10-20/630 | CC25: 141629.2 | CD25: 43514 | CE25: КСО211 | CG25: 2 | CH25: БМВ-12/28-02 | CI25: 10845 | CJ25: 41261 | CL25: ЭБ000000508 | CP25: 5 | CR25: 33 | CS25: Накладные КСО-211 Ввод | CT25: 128902.1 | CU25: 45736 | CW25: 72 | CX25: Меркурий 234 АRTM(Х)2-00 (D)PBR.G | CY25: 5 | CZ25: 17540 | DA25: 45406 | DL25: 24 | DM25: 32 | DN25: КСО-204м | DO25: 31-400 | DP25: ЗСШ | DW25: ЗР-10
A26: 104 | B26: ТПЛ-10 1500/5 0,5S/0,5/10P | C26: 24720 | D26: 45614 | AV26: 89 | AW26: БМРЗ-104-2-Д-ТН-01 | AX26: 107376 | AY26: 44945 | AZ26: 1 | CA26: 137 | CB26: КВЭ (Бриз) ВВТ-10-20/1000 | CC26: 146458.3 | CD26: 43514 | CE26: КСО211 | CG26: 100 | CH26: БП 220/24-2 | CI26: 12480 | CJ26: 44945 | CP26: 5 | CR26: 34 | CS26: Накладные КСО-211 Линия к ТР | CT26: 128902.1 | CU26: 45736 | CW26: 56 | CX26: Меркурий 234 АRTM2-03 PBR.R | CY26: 5 | CZ26: 12912 | DA26: 44715 | DL26: 25 | DM26: 84 | DN26: КСО-204м | DO26: 8.4ВВ | DP26: Ввод | DQ26: РВ-10/630 | DR26: ESQ ВВ(F)-12-25/630 | DT26: АГАТ 200. АВ | DU26: 2 | DV26: ТЛО-10 600/5 0,5/10P | DW26: ЗР-10 | DX26: СЭТ-4ТМ.03М.05 | DY26: 3хЗНОЛП-ЭК-10 М1ТА | EB26: ОПН РТ/TEL 10/11,5
A27: 105 | B27: ТПЛ-10 50/5 0,5/10P | C27: 20760 | D27: 45614 | AV27: 129 | AW27: БМРЗ-121-2-Д-КЛ-01 | AX27: 127008 | AY27: 44945 | AZ27: 1 | CA27: 140 | CB27: КВЭ/VF-12-S-10-20/630 | CC27: 140859 | CD27: 43536 | CE27: КСО211 | CG27: 99 | CH27: БПК-5М-Т | CI27: 69120 | CJ27: 44945 | CP27: 5 | CR27: 35 | CS27: Накладные КСО-211 ТН | CT27: 128902.1 | CU27: 45736 | CW27: 78 | CX27: Милур 307S.11-GRR-2 | CY27: 5 | CZ27: 21580 | DA27: 45693 | DL27: 26 | DM27: 311110 | DN27: КСО-393 | DO27: 3НПО | DP27: Линия | DR27: Вакуумный контактор UVC 64 CX1 стац 400А | DW27: РВЗ-10/630 | EA27: 3хПатрон ПТ | EB27: ОПН РТ/TEL 10/11,5
A28: 106 | B28: ТПЛ-10 75/5 0,5/10P | C28: 20760 | D28: 45614 | AV28: 130 | AW28: БМРЗ-122-2-Д-КЛ-01 | AX28: 127008 | AY28: 44945 | AZ28: 1 | CA28: 141 | CB28: КВЭ/VF-12-S-10-20/800 | CC28: 150441 | CD28: 43536 | CE28: КСО211 | CG28: 98 | CH28: БПК-5-Т | CI28: 57840 | CJ28: 44945 | CP28: 5 | CR28: 36 | CS28: Накладные КСО-211 ТСН | CT28: 128902.1 | CU28: 45736 | CW28: 49 | CX28: МИР С-03.05T-Е-R- 1Т | CY28: 5 | CZ28: 17400 | DA28: 41471 | DL28: 27 | DM28: 39302 | DN28: КСО-393 | DO28: 02 | DP28: Линия | DQ28: РВЗ-10/630
A29: 107 | B29: ТПЛ-10 100/5 0,5/10P | C29: 20760 | D29: 45614 | AV29: 128 | AW29: БМРЗ-123-2-Д-ВВ-01 | AX29: 127008 | AY29: 44945 | AZ29: 1 | CA29: 142 | CB29: КВЭ/VF-12-S-10-20/1000 | CC29: 152232 | CD29: 43536 | CE29: КСО211 | CG29: 44 | CH29: БПТМ 610-01 | CI29: 7936 | CJ29: 41359 | CK29: 2 | CP29: 5 | CR29: 37 | CS29: Накладные КСО-211 СВ | CT29: 128902.1 | CU29: 45736 | CW29: 48 | CX29: МИР С-03.05T-ЕВ-R-1Т (м) | CY29: 5 | CZ29: 8250 | DA29: 41471 | DL29: 28 | DM29: 39303 | DN29: КСО-393 | DO29: 03 | DP29: Линия | DQ29: ВНА-10/630 с ПР-10
A30: 108 | B30: ТПЛ-10 150/5 0,5/10P | C30: 20760 | D30: 45614 | AV30: 131 | AW30: БМРЗ-123-2-Д-СВ-01 | AX30: 127008 | AY30: 44945 | AZ30: 1 | CA30: 143 | CB30: КВЭ/VF-12-S-10-25/630 | CC30: 153437 | CD30: 43536 | CE30: КСО211 | CG30: 74 | CH30: БУАВР СР1007 | CI30: 40085 | CJ30: 42513 | CK30: 3 | CP30: 5 | CR30: 38 | CS30: Накладные КСО-211 СР | CT30: 128902.1 | CU30: 45736 | CW30: 47 | CX30: МИР С-03.05Т-EBN-R-H | CY30: 5 | CZ30: 9526 | DA30: 41471 | DL30: 29 | DM30: 39304 | DN30: КСО-393 | DO30: 04 | DP30: Линия к ТР | DQ30: ВНА-10/630п с ПР-10 | EA30: 3хПатрон ПТ
A31: 109 | B31: ТПЛ-10 200/5 0,5/10P | C31: 20760 | D31: 45614 | AV31: 132 | AW31: БМРЗ-124-2-Д-ТН-01 | AX31: 127008 | AY31: 44945 | AZ31: 1 | CA31: 144 | CB31: КВЭ/VF-12-S-10-25/800 | CC31: 155000 | CD31: 43536 | CE31: КСО211 | CG31: 8 | CH31: Вольтметр | CI31: 1439 | CJ31: 44354 | CL31: ЭБ000000717 | CP31: 5 | CR31: 39 | CS31: Накладные КСО-204 Линия | CT31: 121319.1 | CU31: 45736 | CW31: 76 | CX31: МИР С-07.05S-230-5(10)-R-S2T2LQ-D | CY31: 5 | CZ31: 18720 | DA31: 45278 | DL31: 30 | DM31: 393041 | DN31: КСО-393 | DO31: 04Н | DP31: Линия | DQ31: ВНА-10/630п с ПР-10 | DU31: 2 | DV31: ТЛО-10 150/5 0,5/10P | EA31: 3хПатрон ПТ
A32: 110 | B32: ТПЛ-10 300/5 0,5/10P | C32: 19800 | D32: 45614 | AV32: 116 | AW32: БМРЗ-152-2-Д-БСК-01 | AX32: 164200 | AY32: 45331 | AZ32: 1 | CA32: 145 | CB32: КВЭ/VF-12-S-10-25/1000 | CC32: 157443 | CD32: 43536 | CE32: КСО211 | CG32: 31 | CH32: вольтметр Shnaider СВ3021-250 | CI32: 7680 | CJ32: 41164 | CP32: 5 | CR32: 40 | CS32: Накладные КСО-204 Ввод | CT32: 121319.1 | CU32: 45736 | CW32: 15 | CX32: НЕВА СТ413 545 BSPIO22-G3 | CY32: 5 | CZ32: 12250 | DA32: 45449 | DL32: 31 | DM32: 39311 | DN32: КСО-393 | DO32: 11 | DP32: ТН | DQ32: РВЗ-10/630 | DY32: 3хЗНОЛП-ЭК-10 М1Т
A33: 111 | B33: ТПЛ-10 400/5 0,5/10P | C33: 19800 | D33: 45614 | AV33: 112 | AW33: БМРЗ-152-2-Д-ВВ-01 | AX33: 224200 | AY33: 45831 | AZ33: 1 | CA33: 146 | CB33: ВЭ/ВБМ-10-20/630 | CC33: 214830 | CD33: 43605 | CE33: К104 | CG33: 20 | CH33: Вольтметр цифровой ЩП02M-11кВ/100В с RS485 | CI33: 8112.5 | CJ33: 41109 | CP33: 5 | CR33: 41 | CS33: Накладные КСО-204 Линия к ТР | CT33: 121319.1 | CU33: 45736 | CW33: 14 | CX33: Протон-К ЦМ-02-А-2-234 | CY33: 5 | CZ33: 15000 | DA33: 41039 | DL33: 32 | DM33: 39314 | DN33: КСО-393 | DO33: 14 | DP33: СР | DQ33: РВЗ-10/630
A34: 112 | B34: ТПЛ-10 500/5 0,5/10P | C34: 19800 | D34: 45614 | AV34: 115 | AW34: БМРЗ-152-2-Д-КЛ-01 | AX34: 224200 | AY34: 45831 | AZ34: 1 | CA34: 147 | CB34: VM12-10-20/1000 | CC34: 117020 | CD34: 45300 | CE34: КСО204, КСО204м | CG34: 95 | CH34: Дуга-0, 3хдатчика дуги | CI34: 49080 | CJ34: 45616 | CK34: 1 | CP34: 5 | CR34: 42 | CS34: Накладные КСО-204 ТН | CT34: 121319.1 | CU34: 45736 | CW34: 16 | CX34: Протон-К ЦМ-02-А-3-234 | CY34: 5 | CZ34: 15000 | DA34: 41057
A35: 113 | B35: ТПЛ-10 600/5 0,5/10P | C35: 19800 | D35: 45614 | AV35: 142 | AW35: БМРЗ-152-2-Д-КСЗ-01 | AX35: 182112 | AY35: 45197 | AZ35: 1 | CA35: 148 | CB35: ВБП-10-20/630 | CC35: 154312 | CD35: 43929 | CE35: КСО204, КСО204м | CG35: 105 | CH35: Дуговая защита Агат-Дуга | CI35: 35833 | CJ35: 45677 | CP35: 5 | CR35: 43 | CS35: Накладные КСО-204 ТСН | CT35: 121319.1 | CU35: 45736 | CW35: 19 | CX35: Протон-К ЦМ-02-К-1-234 | CY35: 5 | CZ35: 30255 | DA35: 41057
A36: 114 | B36: ТПЛ-10 800/5 0,5/10P | C36: 19800 | D36: 45614 | AV36: 113 | AW36: БМРЗ-152-2-Д-СВ-01 | AX36: 164200 | AY36: 45331 | AZ36: 1 | CA36: 149 | CB36: КЭПС-КМ 10-20/1000 | CC36: 156496 | CD36: 45357 | CE36: КСО204, КСО204м | CG36: 107 | CH36: Дуговая защита Бастион-ДЗ | CI36: 14500 | CJ36: 45519 | CK36: 1 | CP36: 5 | CR36: 44 | CS36: Накладные КСО-204 СВ | CT36: 121319.1 | CU36: 45736 | CW36: 18 | CX36: Протон-К ЦМ-02-К-2-234 | CY36: 5 | CZ36: 30255 | DA36: 41057
A37: 115 | B37: ТПЛ-10 1000/5 0,5/10P | C37: 19800 | D37: 45614 | AV37: 114 | AW37: БМРЗ-152-2-Д-ТН-01 | AX37: 164200 | AY37: 45331 | AZ37: 1 | CA37: 150 | CB37: КВЭ/VF12-S-10-20/1600 | CC37: 194406 | CD37: 44705 | CE37: КСО211 | CG37: 115 | CH37: Дуговая защита Лайм с 3 датчиками дуги | CI37: 27750 | CJ37: 45742 | CP37: 5 | CR37: 45 | CS37: Накладные КСО-204 СР | CT37: 121319.1 | CU37: 45736 | CW37: 17 | CX37: Протон-К ЦМ-02-Т-2-234 | CY37: 5 | CZ37: 24921 | DA37: 41057
A38: 116 | B38: ТПЛ-10 1500/5 0,5/10P | C38: 19800 | D38: 45614 | AV38: 144 | AW38: БМРЗ-158-ГР | AX38: 225800 | AY38: 45831 | AZ38: 2 | CA38: 151 | CB38: ВЭ/ВБСК2-10-20/1000 | CC38: 166666 | CD38: 44748 | CE38: К104 | CG38: 106 | CH38: Дуговая защита МИКО-ДЗ ( в комплекте с 3 датчиками ВОД) | CI38: 35083 | CJ38: 45447 | CK38: 1 | CP38: 5 | CR38: 46 | CS38: Накладные КСО-204м Линия | CT38: 121319.1 | CU38: 45736 | CW38: 25 | CX38: ПСЧ-3АР.07.132.3 | CY38: 5 | CZ38: 3189 | DA38: 40909
A39: 117 | B39: ТПЛ-10 50/5 0,5S/10P | C39: 23040 | D39: 45614 | AV39: 140 | AW39: БМЦС-40-21 | AX39: 129600 | AY39: 44945 | AZ39: 1 | CA39: 152 | CB39: ВБСК-10-20/1000 | CC39: 125000 | CD39: 44748 | CE39: КСО204 | CG39: 26 | CH39: Е3855С | CI39: 5518 | CJ39: 41151 | CP39: 5 | CR39: 47 | CS39: Накладные КСО-204м Ввод | CT39: 121319.1 | CU39: 45736 | CW39: 55 | CX39: ПСЧ-3ар.07д.132.3 | CY39: 5 | CZ39: 2668 | DA39: 42209
A40: 118 | B40: ТПЛ-10 75/5 0,5S/10P | C40: 23040 | D40: 45614 | AV40: 28 | AW40: БЭ2502А0103 (ЭКРА) | AX40: 71400 | AY40: 43242 | AZ40: 2 | CA40: 153 | CB40: VF12-S-10-20/1600 | CC40: 194920 | CD40: 44946 | CE40: КСО204, КСО204м | CG40: 13 | CH40: Е842/1 | CI40: 1700 | CJ40: 41080 | CP40: 5 | CR40: 48 | CS40: Накладные КСО-204м Линия к ТР | CT40: 121319.1 | CU40: 45736 | CW40: 42 | CX40: ПСЧ-3АРТ.08 | CY40: 5 | CZ40: 3189 | DA40: 40909
A41: 119 | B41: ТПЛ-10 100/5 0,5S/10P | C41: 23040 | D41: 45614 | AV41: 145 | AW41: БЭ2502А0201 (ЭКРА) | AX41: 70200 | AY41: 43242 | AZ41: 2 | CA41: 154 | CB41: VF12-S-10-20/1000 | CC41: 157530 | CD41: 45698 | CE41: КСО204, КСО204м | CG41: 25 | CH41: Е842С | CI41: 1600 | CJ41: 41151 | CP41: 5 | CR41: 49 | CS41: Накладные КСО-204м ТН | CT41: 121319.1 | CU41: 45736 | CW41: 24 | CX41: ПСЧ-4АР.05.2 | CY41: 5 | CZ41: 1897 | DA41: 40543
A42: 120 | B42: ТПЛ-10 150/5 0,5S/10P | C42: 23040 | D42: 45614 | AV42: 26 | AW42: БЭ2502А0303 (ЭКРА) | AX42: 71400 | AY42: 43242 | AZ42: 2 | CA42: 155 | CB42: VF12-L-10-A-20/630 | CC42: 126270 | CD42: 45329 | CE42: КСО204, КСО204м | CG42: 75 | CH42: Е8494ЭЛ-100-1/5-Вт/Вар-1RS- (4…20мА) Преобразователь активной и реактивной мощности | CI42: 12500 | CJ42: 42520 | CK42: 1 | CP42: 5 | CR42: 50 | CS42: Накладные КСО-204м ТСН | CT42: 121319.1 | CU42: 45736 | CW42: 29 | CX42: ПСЧ-4ТМ.05М.08 | CY42: 5 | CZ42: 4989 | DA42: 41102
A43: 121 | B43: ТПЛ-10 200/5 0,5S/10P | C43: 23040 | D43: 45614 | AV43: 146 | AW43: БЭ2502А0402 с АЧР (ЭКРА) | AX43: 69500 | AY43: 43242 | AZ43: 2 | CA43: 156 | CB43: ESQ ВВ(F)-12-25/630 | CC43: 122905 | CD43: 45677 | CE43: КСО204, КСО204м | CG43: 66 | CH43: Е854В | CI43: 4050 | CJ43: 42209 | CP43: 5 | CR43: 51 | CS43: Накладные КСО-204м СВ | CT43: 121319.1 | CU43: 45736 | CW43: 30 | CX43: ПСЧ-4ТМ.05М.12 | CY43: 5 | CZ43: 6498 | DA43: 41115
A44: 122 | B44: ТПЛ-10 300/5 0,5S/10P | C44: 23040 | D44: 45614 | AV44: 27 | AW44: БЭ2502А1101 (ЭКРА) | AX44: 72000 | AY44: 41092 | CA44: 157 | CB44: ISM15_Shell-31,5/1600 | CC44: 270762 | CD44: 45699 | CE44: КСО204, КСО204м | CG44: 77 | CH44: Е854ЭЛ -5-200ВУ-4..20мА-1RS | CI44: 5890 | CJ44: 42615 | CP44: 5 | CR44: 52 | CS44: Накладные КСО-204м СР | CT44: 121319.1 | CU44: 45736 | CW44: 31 | CX44: ПСЧ-4ТМ.05М.13 | CY44: 5 | CZ44: 6498 | DA44: 41115
A45: 123 | B45: ТПЛ-10 400/5 0,5S/10P | C45: 23040 | D45: 45614 | AV45: 157 | AW45: БЭ2704v752 | AX45: 105000 | AY45: 43518 | AZ45: 2 | CA45: 158 | CB45: ВЭ/VF12-S-10-25/630 | CC45: 378427.5 | CD45: 45370 | CE45: К104 | CG45: 70 | CH45: Е854ЭЛ-0…5А-220ВУ-4…20мА Преобразователь прем тока и напр | CI45: 3990 | CJ45: 42447 | CK45: 3 | CP45: 5 | CR45: 53 | CS45: ФОТ КСО-204м | CT45: 42986.475 | CU45: 45736 | CW45: 32 | CX45: ПСЧ-4ТМ.05М.14 | CY45: 5 | CZ45: 6387 | DA45: 41115
A46: 124 | B46: ТПЛ-10 500/5 0,5S/10P | C46: 23040 | D46: 45614 | AV46: 35 | AW46: БЭМП РУ-ВВ | AX46: 80000 | AY46: 43518 | AZ46: 2 | CA46: 159 | CB46: ВЭ/VF12-S-10-25/1600 | CC46: 416267.5 | CD46: 45370 | CE46: К104 | CG46: 11 | CH46: Е855/1 | CI46: 2911 | CJ46: 41080 | CP46: 5 | CR46: 54 | CS46: Накладные КСО-393 Ввод | CT46: 13671 | CU46: 45736 | CW46: 33 | CX46: ПСЧ-4ТМ.05М.19 | CY46: 5 | CZ46: 6387 | DA46: 41115
A47: 125 | B47: ТПЛ-10 600/5 0,5S/10P | C47: 23040 | D47: 45614 | AV47: 34 | AW47: БЭМП РУ-ОЛ | AX47: 70000 | AY47: 43518 | AZ47: 2 | CA47: 160 | CB47: ВЭ/VF12-S-10-25/2000 | CC47: 486922.5 | CD47: 45370 | CE47: К104 | CG47: 67 | CH47: Е855/3-М1 | CI47: 4330 | CJ47: 42209 | CP47: 5 | CR47: 55 | CS47: Накладные КСО-393 Линия | CT47: 13671 | CU47: 45736 | CW47: 64 | CX47: ПСЧ-4ТМ.05МД.01 | CY47: 5 | CZ47: 9875 | DA47: 43159
A48: 126 | B48: ТПЛ-10 800/5 0,5S/10P | C48: 23040 | D48: 45614 | AV48: 36 | AW48: БЭМП РУ-СВ | AX48: 80000 | AY48: 43518 | AZ48: 2 | CA48: 161 | CB48: ESQ ВВ(F)-12-25/1250 | CC48: 131667 | CD48: 45677 | CE48: КСО204, КСО204м | CG48: 10 | CH48: Е855/9 | CI48: 7310 | CJ48: 41080 | CP48: 5 | CR48: 56 | CS48: Накладные КСО-393 Линия к ТР | CT48: 13671 | CU48: 45736 | CW48: 65 | CX48: ПСЧ-4ТМ.05МД.03 | CY48: 5 | CZ48: 9875 | DA48: 43159
A49: 127 | B49: ТПЛ-10 1000/5 0,5S/10P | C49: 22440 | D49: 45614 | AV49: 73 | AW49: БЭМП РУ-ТН | AX49: 65000 | AY49: 43518 | AZ49: 2 | CA49: 162 | CB49: VF12-S-10-20/1250 | CC49: 168200 | CD49: 45698 | CE49: КСО204, КСО204м | CG49: 96 | CH49: ЗНОЙ-03Т Модуль температурного контроля | CI49: 20760 | CJ49: 44447 | CK49: 2 | CP49: 5 | CR49: 57 | CS49: Накладные КСО-393 СВ | CT49: 13671 | CU49: 45736 | CW49: 66 | CX49: ПСЧ-4ТМ.05МД.05 | CY49: 5 | CZ49: 9875 | DA49: 43159
A50: 128 | B50: ТПЛ-10 1500/5 0,5S/10P | C50: 22440 | D50: 45614 | AV50: 117 | AW50: КТЗ 351021 | AX50: 31850 | AY50: 42066 | AZ50: 2 | CA50: 163 | CB50: ESQ ВВ(F)-12-31,5/1250 | CC50: 102210 | CD50: 45971 | CE50: КСО204, КСО204м | CG50: 109 | CH50: ИРИС-МИ-120-V-A-220V-RS-11-х-х | CI50: 20833 | CJ50: 45699 | CP50: 5 | CR50: 58 | CS50: Накладные КСО-393 СР | CT50: 13671 | CU50: 45736 | CW50: 67 | CX50: ПСЧ-4ТМ.05МД.07 | CY50: 5 | CZ50: 9875 | DA50: 43159
A51: 129 | B51: ТЛО-10 50/5 0,2S/0,5S/10P | C51: 22280 | D51: 45614 | AV51: 183 | AW51: Лютик-Плюс-220-0-4U-0-0 | AX51: 63700 | AY51: 45874 | CG51: 110 | CH51: ИРИС-МИ-96-V-A-220V-RS-11-х-x | CI51: 17500 | CJ51: 45699 | CP51: 5 | CR51: 59 | CS51: Накладные КСО-393 ТН | CT51: 13671 | CU51: 45736 | CW51: 71 | CX51: ПСЧ-4ТМ.05МД.11 | CY51: 5 | CZ51: 6000 | DA51: 43159
A52: 130 | B52: ТЛО-10 75/5 0,2S/0,5S/10P | C52: 20720 | D52: 45614 | AV52: 177 | AW52: Лютик-Плюс-220-4I-0-0-0 | AX52: 52850 | AY52: 45874 | CG52: 101 | CH52: КБП-301 | CI52: 22560 | CJ52: 44945 | CP52: 5 | CR52: 60 | CS52: Накладные КСО-393 ТСН | CT52: 13671 | CU52: 45736 | CW52: 68 | CX52: ПСЧ-4ТМ.05МД.13 | CY52: 5 | CZ52: 8487 | DA52: 43159
A53: 131 | B53: ТЛО-10 100/5 0,2S/0,5S/10P | C53: 20720 | D53: 45614 | AV53: 180 | AW53: Лютик-Плюс-220-4I-0-Arc-0 (3 датчика) | AX53: 77150 | AY53: 45874 | CG53: 86 | CH53: Комплект ТМ (ЭНИП-2-45/100-220-А2Е0-11+ЭНКМ-3-220-А2B1E1GT-430+ЭНМВ-8/8+KZ-8169+Антенна GPS-B3.10+GPS-КР-MINI) | CI53: 93280 | CJ53: 43523 | CP53: 5 | CR53: 61 | CS53: ФОТ ЩО2021 макс | CT53: 65756.408 | CU53: 45736 | CW53: 69 | CX53: ПСЧ-4ТМ.05МД.15 | CY53: 5 | CZ53: 8487 | DA53: 43159
A54: 132 | B54: ТЛО-10 150/5 0,2S/0,5S/10P | C54: 20720 | D54: 45614 | AV54: 182 | AW54: Лютик-Плюс-220-4I-4U-Arc-0 (3 датчика) | AX54: 110500 | AY54: 45874 | CG54: 28 | CH54: Концентратор Меркурий 225.1 | CI54: 2313 | CJ54: 42396 | CP54: 5 | CR54: 62 | CS54: Накладные ЩО2021 макс | CT54: 100195.2 | CU54: 45736 | CW54: 70 | CX54: ПСЧ-4ТМ.05МД.17 | CY54: 5 | CZ54: 8487 | DA54: 43159
A55: 133 | B55: ТЛО-10 200/5 0,2S/0,5S/10P | C55: 20720 | D55: 45614 | AV55: 178 | AW55: Лютик-Плюс-220-4IT-0-0-0 | AX55: 66750 | AY55: 45874 | CG55: 48 | CH55: КПР-01.5Р-ТМ-2R-К | CI55: 33760 | CJ55: 41471 | CP55: 5 | CR55: 63 | CS55: ФОТ ЩО3200 | CT55: 93936.307 | CU55: 45736 | CW55: 62 | CX55: ПСЧ-4ТМ.05МК.00 | CY55: 5 | CZ55: 9750 | DA55: 42779
A56: 134 | B56: ТЛО-10 300/5 0,2S/0,5S/10P | C56: 20720 | D56: 45614 | AV56: 179 | AW56: Лютик-Плюс-220-4IT-4U-0-0 | AX56: 86600 | AY56: 45874 | CG56: 46 | CH56: КПР-01.5-ТМ-2R-KQ | CI56: 34510 | CJ56: 41471 | CP56: 5 | CR56: 64 | CS56: Накладные ЩО3200 | CT56: 143141.98 | CU56: 45736 | CW56: 75 | CX56: ПСЧ-4ТМ.05МК.03 | CY56: 5 | CZ56: 12296 | DA56: 44354
A57: 135 | B57: ТЛО-10 400/5 0,2S/0,5S/10P | C57: 20720 | D57: 45614 | AV57: 181 | AW57: Лютик-Плюс-220-4IT-4U-0-0 | AX57: 100850 | AY57: 45874 | CG57: 94 | CH57: КС-3Ф-R2 | CI57: 1700 | CJ57: 43944 | CP57: 5 | CR57: 65 | CS57: ФОТ Корпус50 макс | CT57: 132836.92 | CU57: 45736 | CW57: 59 | CX57: ПСЧ-4ТМ.05МК.12.01 | CY57: 5 | CZ57: 18000 | DA57: 42577
A58: 136 | B58: ТЛО-10 500/5 0,2S/0,5S/10P | C58: 20720 | D58: 45614 | AV58: 171 | AW58: Лютик-Т | AX58: 41700 | AY58: 45741 | AZ58: 2 | CG58: 108 | CH58: КСО мнемосхема Блик | CI58: 7100 | CJ58: 45610 | CP58: 5 | CR58: 66 | CS58: ФОТ Корпус100 макс | CT58: 144605 | CU58: 45736 | CW58: 74 | CX58: ПСЧ-4ТМ.05МКТ.04 | CY58: 5 | CZ58: 12500 | DA58: 44084
A59: 137 | B59: ТЛО-10 600/5 0,2S/0,5S/10P | C59: 20720 | D59: 45614 | AV59: 176 | AW59: Лютик-Т с модулем дешунтирования | AX59: 47917 | AY59: 45741 | AZ59: 2 | CG59: 116 | CH59: КСО-Мнемо-02 с 6хДТП-300 | CI59: 39685 | CJ59: 45904 | CK59: 1 | CP59: 5 | CR59: 67 | CS59: Накладные Корпус50 макс | CT59: 212538.85 | CU59: 45736 | CW59: 36 | CX59: СЕ 302 S33 503 - IY | CY59: 5 | CZ59: 2456.57 | DA59: 41122
A60: 138 | B60: ТЛО-10 800/5 0,2S/0,5S/10P | C60: 20720 | D60: 45614 | AV60: 168 | AW60: Микро 2.0-1-Т | AX60: 50500 | AY60: 45447 | CG60: 64 | CH60: КСО-Мнемо-04 | CI60: 11540 | CJ60: 45364 | CP60: 5 | CR60: 68 | CS60: Накладные Корпус100 макс | CT60: 231368.45 | CU60: 45736 | CW60: 37 | CX60: СЕ 302 S33 503 - JY | CY60: 5 | CZ60: 1863 | DA60: 41122
A61: 139 | B61: ТЛО-10 1000/5 0,2S/0,5S/10P | C61: 22760 | D61: 45614 | AV61: 169 | AW61: Микро 2.0-2-Т | AX61: 92750 | AY61: 45707 | CG61: 65 | CH61: КСО-Мнемо-07 | CI61: 6820 | CJ61: 45364 | CP61: 5 | CR61: 69 | CS61: КФОТ | CT61: 0.21 | CW61: 41 | CX61: СЕ 303 S31 503 - JAZ | CY61: 5 | CZ61: 3738 | DA61: 41177
A62: 140 | B62: ТЛО-10 1500/5 0,2S/0,5S/10P | C62: 27656 | D62: 45614 | AV62: 170 | AW62: Микро 2.0-2-Т-ДЗ с 3 датчиками дуги | AX62: 105917 | AY62: 45707 | CG62: 30 | CH62: Маршрутизатор RTR512.10-6L/ЕY (GSM/Ethernet) | CI62: 49152 | CJ62: 42068 | CP62: 5 | CR62: 70 | CS62: Кнакладные | CT62: 1.6 | CW62: 60 | CX62: СЕ 308 S31 503 OAG.SYUVJLFZ GS01 SPDS | CY62: 5 | CZ62: 18200 | DA62: 45701
A63: 141 | B63: ТЛО-10 2000/5 0,2S/0,5S/10P | C63: 59695 | D63: 45614 | AV63: 121 | AW63: МР700 | AX63: 67260 | AY63: 42075 | AZ63: 3 | CG63: 22 | CH63: МИР ПН-23.000 (3Ф) | CI63: 9366 | CJ63: 41121 | CP63: 5 | CR63: 71 | CS63: ФОТ КСО-204 макс | CT63: 64809.36 | CU63: 45736 | CW63: 26 | CX63: СЭТ3ар-01-24-09 | CY63: 5 | CZ63: 3050 | DA63: 41078
A64: 142 | B64: ТЛО-10 50/5 0,5S/0,5/10P | C64: 21480 | D64: 45614 | AV64: 9 | AW64: Орион-2 снят с производства | AX64: 1000000000 | AY64: 41275 | CG64: 4 | CH64: МИР-ПТ-02.00 | CI64: 1724 | CJ64: 40909 | CP64: 5 | CR64: 72 | CS64: Накладные КСО-204 макс | CT64: 103695.64 | CU64: 45736 | CW64: 50 | CX64: СЭТ3р-01-09а | CY64: 5 | CZ64: 4138 | DA64: 41493
A65: 143 | B65: ТЛО-10 75/5 0,5S/0,5/10P | C65: 21480 | D65: 45614 | AV65: 65 | AW65: Орион-2-В | AX65: 51600 | AY65: 42016 | AZ65: 1 | CG65: 5 | CH65: МИР-ПТ03.084 | CI65: 11315 | CJ65: 40909 | CP65: 5 | CR65: 73 | CS65: Накладные КСО-393 макс | CT65: 18839.52 | CU65: 45736 | CW65: 46 | CX65: СЭТ3р-01-22-08 | CY65: 5 | CZ65: 2423 | DA65: 41291
A66: 144 | B66: ТЛО-10 100/5 0,5S/0,5/10P | C66: 21480 | D66: 45614 | AV66: 70 | AW66: Орион-2-Л | AX66: 50800 | AY66: 42016 | AZ66: 1 | CG66: 88 | CH66: модуль индикации графический ЭНМИ-4-24-2 | CI66: 8000 | CJ66: 43523 | CP66: 5 | CR66: 74 | CS66: ФОТ КСО-393 макс | CT66: 11774.7 | CU66: 45736 | CW66: 45 | CX66: СЭТ3р-01-24-09 | CY66: 5 | CZ66: 2423 | DA66: 41291
A67: 145 | B67: ТЛО-10 150/5 0,5S/0,5/10P | C67: 21480 | D67: 45614 | AV67: 66 | AW67: Орион-2-С | AX67: 50800 | AY67: 42016 | AZ67: 1 | CG67: 87 | CH67: модуль индикации ЭНМИ-3-24-1 | CI67: 7900 | CJ67: 43523 | CP67: 5 | CR67: 75 | CS67: Накладные КСО-211 макс | CT67: 156572.64 | CU67: 45736 | CW67: 13 | CX67: СЭТ-4ТМ.02М | CY67: 5 | CZ67: 15532 | DA67: 44314
A68: 146 | B68: ТЛО-10 200/5 0,5S/0,5/10P | C68: 21480 | D68: 45614 | AV68: 156 | AW68: Орион-БП5 | AX68: 19000 | AY68: 43518 | CG68: 23 | CH68: Мультиметр (0,4кВ) Бриз AOB292Z-9X6-IU | CI68: 2500 | CJ68: 41141 | CP68: 5 | CR68: 76 | CS68: ФОТ КСО-211 макс | CT68: 102750.79 | CU68: 45736 | CW68: 38 | CX68: СЭТ-4ТМ.02М.02 | CY68: 5 | CZ68: 15532 | DA68: 44314
A69: 147 | B69: ТЛО-10 300/5 0,5S/0,5/10P | C69: 21480 | D69: 45614 | AV69: 8 | AW69: Орион-РТЗ-П | AX69: 90150 | AY69: 45433 | AZ69: 2 | CG69: 9 | CH69: ОПН-0,38 | CI69: 360 | CJ69: 45142 | CL69: ЭБ000003202 | CM69: ЭБ000003203 | CP69: 5 | CR69: 77 | CS69: Накладные КСО-204м макс | CT69: 98757.54 | CU69: 45736 | CW69: 27 | CX69: СЭТ-4ТМ.02М.03 | CY69: 5 | CZ69: 14871 | DA69: 44314
A70: 148 | B70: ТЛО-10 400/5 0,5S/0,5/10P | C70: 21480 | D70: 45614 | AV70: 1 | AW70: РCТ40 | AX70: 26500 | AY70: 44747 | CG70: 17 | CH70: Орион-ДЗ-Н 3хДатчика дуги | CI70: 20000 | CJ70: 43518 | CK70: 1 | CP70: 5 | CR70: 78 | CS70: ФОТ КСО-204м макс | CT70: 64809.36 | CU70: 45736 | CW70: 28 | CX70: СЭТ-4ТМ.03.01 | CY70: 5 | CZ70: 17074 | DA70: 44314
A71: 149 | B71: ТЛО-10 500/5 0,5S/0,5/10P | C71: 21480 | D71: 45614 | AV71: 83 | AW71: РС80М2-2 + РС80-АВРМ | AX71: 58750 | AY71: 44638 | AZ71: 1 | CG71: 111 | CH71: Охранная и пожарная сигнализация КТП | CI71: 98000 | CJ71: 45742 | CP71: 5 | CR71: 79 | CS71: Корпус ПУС | CT71: 34740 | CU71: 44301 | CW71: 12 | CX71: СЭТ-4ТМ.03М | CY71: 5 | CZ71: 36925 | DA71: 44645
A72: 150 | B72: ТЛО-10 600/5 0,5S/0,5/10P | C72: 21480 | D72: 45614 | AV72: 82 | AW72: РС80М2-21 | AX72: 28750 | AY72: 44638 | AZ72: 1 | CG72: 103 | CH72: Плакат пластик "Не влезай. Убьет" | CI72: 1250 | CJ72: 45253 | CP72: 5 | CR72: 80 | CS72: Накладные ПУС | CT72: 82956.51 | CU72: 45736 | CW72: 39 | CX72: СЭТ-4ТМ.03М.01 | CY72: 5 | CZ72: 34365 | DA72: 44697
A73: 151 | B73: ТЛО-10 800/5 0,5S/0,5/10P | C73: 21480 | D73: 45614 | AV73: 41 | AW73: РС80М2М 14 | AX73: 33750 | AY73: 44638 | AZ73: 1 | CG73: 15 | CH73: ПО EKRA SMS | CI73: 33600 | CJ73: 41092 | CP73: 5 | CR73: 81 | CS73: ФОТ ПУС | CT73: 51848.37 | CU73: 45736 | CW73: 51 | CX73: СЭТ-4ТМ.03М.04 | CY73: 2 | CZ73: 18017.5 | DA73: 44314
A74: 152 | B74: ТЛО-10 1000/5 0,5S/0,5/10P | C74: 26136 | D74: 45614 | AV74: 122 | AW74: РС80М2М5 | AX74: 27500 | AY74: 44638 | AZ74: 1 | CG74: 16 | CH74: ПО WNDR | CI74: 33600 | CJ74: 41092 | CP74: 5 | CW74: 43 | CX74: СЭТ-4ТМ.03М.05 | CY74: 5 | CZ74: 16405 | DA74: 44314
A75: 153 | B75: ТЛО-10 1500/5 0,5S/0,5/10P | C75: 31212 | D75: 45614 | AV75: 42 | AW75: РС80М2Мi 8 | AX75: 27500 | AY75: 44638 | AZ75: 1 | CG75: 112 | CH75: Пожарная и охранная сигнализация КТП | CI75: 98000 | CJ75: 45742 | CP75: 5 | CW75: 44 | CX75: СЭТ-4ТМ.03М.09 | CY75: 5 | CZ75: 17717.5 | DA75: 44314
A76: 154 | B76: ТЛО-10 50/5 0,5/10P | C76: 17256 | D76: 45614 | AV76: 143 | AW76: РС80-МР | AX76: 37500 | AY76: 44638 | AZ76: 1 | CG76: 32 | CH76: РВН-0,5 | CI76: 290 | CJ76: 41173 | CL76: ЭБ000003948 | CP76: 5
A77: 155 | B77: ТЛО-10 75/5 0,5/10P | C77: 16704 | D77: 45614 | AV77: 155 | AW77: РС80МР-1231 c RS485 | AX77: 27500 | AY77: 43388 | AZ77: 1 | CG77: 83 | CH77: РГПЗ-СЭЩ-1б-35/1000 3-хпол, с ПР | CI77: 182900 | CJ77: 42807 | CK77: 2 | CP77: 5
A78: 156 | B78: ТЛО-10 100/5 0,5/10P | C78: 16704 | D78: 45614 | AV78: 10 | AW78: РС83-А2.0 | AX78: 62500 | AY78: 44638 | AZ78: 1 | CG78: 82 | CH78: РДЗ-1-35/1000 3-хпол, с ПР | CI78: 145850 | CJ78: 44671 | CK78: 2 | CP78: 5
A79: 157 | B79: ТЛО-10 150/5 0,5/10P | C79: 16704 | D79: 45614 | AV79: 48 | AW79: РС83-АВ2 | AX79: 87500 | AY79: 44638 | AZ79: 1 | CG79: 41 | CH79: РиМ 071.01 Коммуникатор | CI79: 15162.56 | CJ79: 41319 | CK79: 3 | CP79: 5
A80: 158 | B80: ТЛО-10 200/5 0,5/10P | C80: 16704 | D80: 45614 | AV80: 55 | AW80: РС83-В.1 | AX80: 67500 | AY80: 44638 | AZ80: 1 | CG80: 38 | CH80: РИМ 099.02 | CI80: 55000 | CJ80: 41206 | CK80: 3 | CP80: 5
A81: 159 | B81: ТЛО-10 300/5 0,5/10P | C81: 16704 | D81: 45614 | AV81: 49 | AW81: РС83-ДТ2 | AX81: 103750 | AY81: 44638 | AZ81: 1 | CG81: 42 | CH81: РЛК 10.1А-IV/400 | CI81: 28500 | CJ81: 45671 | CK81: 3 | CP81: 5
A82: 160 | B82: ТЛО-10 400/5 0,5/10P | C82: 16704 | D82: 45614 | AV82: 19 | AW82: РТ80 | AX82: 30000 | AY82: 40793 | CG82: 35 | CH82: РЛК-10/TE-1-400 | CI82: 80700 | CJ82: 45330 | CK82: 1 | CP82: 5
A83: 161 | B83: ТЛО-10 500/5 0,5/10P | C83: 16704 | D83: 45614 | AV83: 3 | AW83: Сириус - 2-В-БПТ | AX83: 198400 | AY83: 45336 | AZ83: 1 | CG83: 36 | CH83: РЛК-10/TE-1-630 | CI83: 89650 | CJ83: 45330 | CK83: 1 | CP83: 5
A84: 162 | B84: ТЛО-10 600/5 0,5/10P | C84: 16704 | D84: 45614 | AV84: 4 | AW84: Сириус - 2-Л-БПТ | AX84: 192500 | AY84: 45336 | AZ84: 1 | CG84: 33 | CH84: РЛНД-400 | CI84: 19450 | CJ84: 45330 | CL84: ЭБ000003996 | CP84: 5
A85: 163 | B85: ТЛО-10 800/5 0,5/10P | C85: 16704 | D85: 45614 | AV85: 52 | AW85: Сириус - 2-МЛ-БПТ | AX85: 96000 | AY85: 44572 | AZ85: 1 | CG85: 34 | CH85: РЛНД-630 | CI85: 22700 | CJ85: 45330 | CL85: ЭБ000003997 | CP85: 5
A86: 164 | B86: ТЛО-10 1000/5 0,5/10P | C86: 19968 | D86: 45614 | AV86: 161 | AW86: Сириус - 2-ММ | AX86: 122900 | AY86: 44572 | AZ86: 2 | CG86: 85 | CH86: Розетка AC5FDZB BULK | CI86: 351.6 | CJ86: 43130 | CP86: 5
A87: 165 | B87: ТЛО-10 1500/5 0,5/10P | C87: 24336 | D87: 45614 | AV87: 5 | AW87: Сириус - 2-С-БПТ | AX87: 191100 | AY87: 45336 | AZ87: 1 | CG87: 93 | CH87: Ручной генератор для VM-12 ВЕАШ.468312.001 | CI87: 6150 | CJ87: 43892 | CP87: 5
A88: 166 | B88: ТЛО-10 50/5 0,5S/10P | C88: 17256 | D88: 45614 | AV88: 31 | AW88: Сириус ОЗЗ | AX88: 56800 | AY88: 44572 | CG88: 24 | CH88: Стол подъемный (КСО-211) | CI88: 14490 | CJ88: 41143 | CP88: 5
A89: 167 | B89: ТЛО-10 75/5 0,5S/10P | C89: 17568 | D89: 45614 | AV89: 53 | AW89: Сириус-2-АЧР, Орион-БПМ | AX89: 93000 | AY89: 44572 | AZ89: 1 | CG89: 76 | CH89: ТС и ТУ КСО204(М) (на базе ЭНИП-2, ЭНМВ-1) | CI89: 57600 | CJ89: 42615 | CP89: 5
A90: 168 | B90: ТЛО-10 100/5 0,5S/10P | C90: 17568 | D90: 45614 | AV90: 138 | AW90: Сириус-2-Л-К, Орион-БПМ | AX90: 77600 | AY90: 44572 | AZ90: 1 | CG90: 59 | CH90: УДЗ ПРОЭЛ-МИНИ | CI90: 13051 | CJ90: 42067 | CP90: 5
A91: 169 | B91: ТЛО-10 150/5 0,5S/10P | C91: 17568 | D91: 45614 | AV91: 184 | AW91: Сириус-2-Л-П | AX91: 133350 | AY91: 45959 | CG91: 21 | CH91: УСПД Нейрон УН-200-123-1 | CI91: 18220 | CJ91: 41120 | CL91: ЭБ000005469 | CP91: 5
A92: 170 | B92: ТЛО-10 200/5 0,5S/10P | C92: 17568 | D92: 45614 | AV92: 105 | AW92: Сириус-Т, | AX92: 94800 | AY92: 44572 | AZ92: 1 | CG92: 54 | CH92: УТКЗ-4 | CI92: 4000 | CJ92: 44740 | CP92: 5
A93: 171 | B93: ТЛО-10 300/5 0,5S/10P | C93: 17568 | D93: 45614 | AV93: 32 | AW93: Сириус-ТН | AX93: 86000 | AY93: 44572 | AZ93: 1 | CG93: 61 | CH93: ЦП8501/14 амперметр переменного тока (+RS485) | CI93: 7050 | CJ93: 42075 | CP93: 5
A94: 172 | B94: ТЛО-10 400/5 0,5S/10P | C94: 17568 | D94: 45614 | AV94: 2 | AW94: Сириус-ЦС | AX94: 95300 | AY94: 44572 | AZ94: 1 | CG94: 62 | CH94: ЦП8501/16 вольтметр переменного тока (+RS485) | CI94: 7050 | CJ94: 42075 | CP94: 5
A95: 173 | B95: ТЛО-10 500/5 0,5S/10P | C95: 17568 | D95: 45614 | AV95: 118 | AW95: ТОР 120-В11 2602 | AX95: 95448 | AY95: 42067 | CG95: 56 | CH95: ЩМ120 с RS485 | CI95: 20780 | CJ95: 45303 | CP95: 5
A96: 174 | B96: ТЛО-10 600/5 0,5S/10P | C96: 17568 | D96: 45614 | AV96: 120 | AW96: ТОР 120-Л11 2602 | AX96: 95448 | AY96: 42067 | CG96: 92 | CH96: ЩМК120 с RS485 | CI96: 38000 | CJ96: 43658 | CP96: 5
A97: 175 | B97: ТЛО-10 800/5 0,5S/10P | C97: 17568 | D97: 45614 | AV97: 119 | AW97: ТОР 120-С11 2602 | AX97: 95448 | AY97: 42067 | CG97: 53 | CH97: ЩМК96-100В-5А-1REC-RS-4П-К-УХЛ3.1 | CI97: 46667 | CJ97: 45309 | CK97: 3 | CP97: 5
A98: 176 | B98: ТЛО-10 1000/5 0,5S/10P | C98: 20364 | D98: 45614 | AV98: 20 | AW98: ТОР 200-В22 | AX98: 64275 | AY98: 39873 | CG98: 84 | CH98: ЩП120 | CI98: 11260 | CJ98: 45303 | CP98: 5
A99: 177 | B99: ТЛО-10 1500/5 0,5S/10P | C99: 25128 | D99: 45614 | AV99: 47 | AW99: ТОР 200-Д22 | AX99: 64275 | AY99: 39873 | CG99: 14 | CH99: ЭНИП-2-35/100-220-А2Е0-11 | CI99: 8900 | CJ99: 41086 | CP99: 5
A100: 178 | B100: ТЛО-10 2500/5 0.2S/0.5/10P/10P/10P | C100: 65695 | D100: 45614 | AV100: 22 | AW100: ТОР 200-Л22 | AX100: 93125 | AY100: 42080 | CG100: 71 | CH100: ЭНИП-2-45/100-220-А2Е011 | CI100: 16400 | CJ100: 43523 | CP100: 5
...

Sheet Лист3
A1: Оборудование | B1: Стоимость | C1: Количество
A2: 3хЗНОЛП-ЭК-10 М1ТА | B2: 55150 | C2: 3
B33: 0.15

Sheet расчет
A1: 0 | B1: оборудование | C1: стоимость | D1: оборудование2 | E1: стоимость3 | F1: оборудование4 | G1: стоимость5 | H1: оборудование6 | I1: стоимость7 | J1: оборудование8 | K1: стоимость9 | L1: оборудование10 | M1: стоимость11 | N1: оборудование12 | O1: стоимость13 | P1: оборудование14 | Q1: стоимость15 | R1: оборудование16 | S1: стоимость17 | T1: оборудование18 | U1: стоимость19 | X1: 1 | Y1: 2 | Z1: 3 | AA1: 4 | AB1: 5 | AC1: 6 | AD1: 7 | AE1: 8 | AF1: 9 | AG1: 10 | AI1: 1 | AJ1: 2 | AK1: 3 | AL1: 4 | AM1: 5 | AN1: 6 | AO1: 7 | AP1: 8 | AQ1: 9 | AR1: 10 | AT1: 1 | AU1: 2 | AV1: 3 | AW1: 4 | AX1: 5 | AY1: 6 | AZ1: 7 | BA1: 8 | BB1: 9 | BC1: 10 | BF1: 211
A2: ='КСО-204'!C7 -> КСО-204 | B2: =IF('КСО-204'!$C$7="КСО-211","",IF('КСО-204'!D17="","",'КСО-204'!D17)) -> РВФЗ-10/1000 | C2: =IFERROR(VLOOKUP(B2,Прайсы!$L$3:$M$20,2,FALSE),1) -> 34320 | D2: =IF('КСО-204'!$C$7="КСО-211","",IF('КСО-204'!E17="","",'КСО-204'!E17)) -> РВФЗ-10/1000 | E2: =IFERROR(VLOOKUP(D2,Прайсы!$L$3:$M$20,2,FALSE),1) -> 34320 | F2: =IF('КСО-204'!$C$7="КСО-211","",IF('КСО-204'!F17="","",'КСО-204'!F17)) -> РВФЗ-10/1000 | G2: =IFERROR(VLOOKUP(F2,Прайсы!$L$3:$M$20,2,FALSE),1) -> 34320 | H2: =IF('КСО-204'!$C$7="КСО-211","",IF('КСО-204'!G17="","",'КСО-204'!G17)) -> РВФЗ-10/1000 | I2: =IFERROR(VLOOKUP(H2,Прайсы!$L$3:$M$20,2,FALSE),1) -> 34320 | J2: =IF('КСО-204'!$C$7="КСО-211","",IF('КСО-204'!H17="","",'КСО-204'!H17)) -> РВФЗ-10/1000 | K2: =IFERROR(VLOOKUP(J2,Прайсы!$L$3:$M$20,2,FALSE),1) -> 34320 | L2: =IF('КСО-204'!$C$7="КСО-211","",IF('КСО-204'!I17="","",'КСО-204'!I17)) -> РВФЗ-10/1000 | M2: =IFERROR(VLOOKUP(L2,Прайсы!$L$3:$M$20,2,FALSE),1) -> 34320 | N2: =IF('КСО-204'!$C$7="КСО-211","",IF('КСО-204'!J17="","",'КСО-204'!J17)) -> РВФЗ-10/1000 | O2: =IFERROR(VLOOKUP(N2,Прайсы!$L$3:$M$20,2,FALSE),1) -> 34320 | P2: =IF('КСО-204'!$C$7="КСО-211","",IF('КСО-204'!K17="","",'КСО-204'!K17)) | Q2: =IFERROR(VLOOKUP(P2,Прайсы!$L$3:$M$20,2,FALSE),1) -> 1 | R2: =IF('КСО-204'!$C$7="КСО-211","",IF('КСО-204'!L17="","",'КСО-204'!L17)) | S2: =IFERROR(VLOOKUP(R2,Прайсы!$L$3:$M$20,2,FALSE),1) -> 1 | T2: =IF('КСО-204'!$C$7="КСО-211","",IF('КСО-204'!M17="","",'КСО-204'!M17)) | U2: =IFERROR(VLOOKUP(T2,Прайсы!$L$3:$M$20,2,FALSE),1) -> 1 | W2: Рвз | X2: =IF('КСО-204'!D17<>"",1,0) -> 1 | Y2: =IF('КСО-204'!E17<>"",1,0) -> 1 | Z2: =IF('КСО-204'!F17<>"",1,0) -> 1 | AA2: =IF('КСО-204'!G17<>"",1,0) -> 1 | AB2: =IF('КСО-204'!H17<>"",1,0) -> 1 | AC2: =IF('КСО-204'!I17<>"",1,0) -> 1 | AD2: =IF('КСО-204'!J17<>"",1,0) -> 1 | AE2: =IF('КСО-204'!K17<>"",1,0) -> 0 | ... AG2: =IF('КСО-204'!M17<>"",1,0) -> 0 | AI2: =REPLACE(B2,1,7,"") -> /1000 | AJ2: =REPLACE(D2,1,7,"") -> /1000 | AK2: =REPLACE(F2,1,7,"") -> /1000 | AL2: =REPLACE(H2,1,7,"") -> /1000 | AM2: =REPLACE(J2,1,7,"") -> /1000 | AN2: =REPLACE(L2,1,7,"") -> /1000 | AO2: =REPLACE(N2,1,7,"") -> /1000 | AP2: =REPLACE(P2,1,7,"") | AQ2: =REPLACE(R2,1,7,"") | AR2: =REPLACE(T2,1,7,"") | AT2: =VLOOKUP(Таблица13[[#This Row],[оборудование]],Таблица_Регистрация_2012_год.accdb[[РВЗ]:[Дата]],3,FALSE) -> 45330 | AU2: =VLOOKUP(Таблица13[[#This Row],[оборудование2]],Таблица_Регистрация_2012_год.accdb[[РВЗ]:[Дата]],3,FALSE) -> 45330 | AV2: =VLOOKUP(Таблица13[[#This Row],[оборудование4]],Таблица_Регистрация_2012_год.accdb[[РВЗ]:[Дата]],3,FALSE) -> 45330 | AW2: =VLOOKUP(Таблица13[[#This Row],[оборудование6]],Таблица_Регистрация_2012_год.accdb[[РВЗ]:[Дата]],3,FALSE) -> 45330 | AX2: =VLOOKUP(Таблица13[[#This Row],[оборудование8]],Таблица_Регистрация_2012_год.accdb[[РВЗ]:[Дата]],3,FALSE) -> 45330 | AY2: =VLOOKUP(Таблица13[[#This Row],[оборудование10]],Таблица_Регистрация_2012_год.accdb[[РВЗ]:[Дата]],3,FALSE) -> 45330 | AZ2: =VLOOKUP(Таблица13[[#This Row],[оборудование12]],Таблица_Регистрация_2012_год.accdb[[РВЗ]:[Дата]],3,FALSE) -> 45330 | BA2: =VLOOKUP(Таблица13[[#This Row],[оборудование14]],Таблица_Регистрация_2012_год.accdb[[РВЗ]:[Дата]],3,FALSE) -> #N/A | BB2: =VLOOKUP(Таблица13[[#This Row],[оборудование16]],Таблица_Регистрация_2012_год.accdb[[РВЗ]:[Дата]],3,FALSE) -> #N/A | BC2: =VLOOKUP(Таблица13[[#This Row],[оборудование18]],Таблица_Регистрация_2012_год.accdb[[РВЗ]:[Дата]],3,FALSE) -> #N/A | BE2: 630/1000 | BF2: 630/1000 | BG2: 1600
B3: =IF('КСО-204'!D18="","",'КСО-204'!D18) -> VM12-10-20/1000 | C3: =IFERROR(VLOOKUP(B3,Прайсы!$CB$3:$CC$50,2,FALSE),0) -> 117020 | D3: =IF('КСО-204'!E18="","",'КСО-204'!E18) -> VM12-10-20/1000 | E3: =IFERROR(VLOOKUP(D3,Прайсы!$CB$3:$CC$50,2,FALSE),0) -> 117020 | F3: =IF('КСО-204'!F18="","",'КСО-204'!F18) -> VM12-10-20/1000 | G3: =IFERROR(VLOOKUP(F3,Прайсы!$CB$3:$CC$50,2,FALSE),0) -> 117020 | H3: =IF('КСО-204'!G18="","",'КСО-204'!G18) | I3: =IFERROR(VLOOKUP(H3,Прайсы!$CB$3:$CC$50,2,FALSE),0) -> 0 | J3: =IF('КСО-204'!H18="","",'КСО-204'!H18) | K3: =IFERROR(VLOOKUP(J3,Прайсы!$CB$3:$CC$50,2,FALSE),0) -> 0 | L3: =IF('КСО-204'!I18="","",'КСО-204'!I18) -> VM12-10-20/1000 | M3: =IFERROR(VLOOKUP(L3,Прайсы!$CB$3:$CC$50,2,FALSE),0) -> 117020 | N3: =IF('КСО-204'!J18="","",'КСО-204'!J18) | O3: =IFERROR(VLOOKUP(N3,Прайсы!$CB$3:$CC$50,2,FALSE),0) -> 0 | P3: =IF('КСО-204'!K18="","",'КСО-204'!K18) | Q3: =IFERROR(VLOOKUP(P3,Прайсы!$CB$3:$CC$50,2,FALSE),0) -> 0 | R3: =IF('КСО-204'!L18="","",'КСО-204'!L18) | S3: =IFERROR(VLOOKUP(R3,Прайсы!$CB$3:$CC$50,2,FALSE),0) -> 0 | T3: =IF('КСО-204'!M18="","",'КСО-204'!M18) | U3: =IFERROR(VLOOKUP(T3,Прайсы!$CB$3:$CC$50,2,FALSE),0) -> 0 | W3: вв | X3: =IF(B3<>"",1,0) -> 1 | Y3: =IF(D3<>"",1,0) -> 1 | Z3: =IF(F3<>"",1,0) -> 1 | AA3: =IF(H3<>"",1,0) -> 0 | AB3: =IF(J3<>"",1,0) -> 0 | AC3: =IF(L3<>"",1,0) -> 1 | AD3: =IF(N3<>"",1,0) -> 0 | AE3: =IF(P3<>"",1,0) -> 0 | AF3: =IF(R3<>"",1,0) -> 0 | AG3: =IF(T3<>"",1,0) -> 0 | AT3: =VLOOKUP(Таблица13[[#This Row],[оборудование]],Таблица_Регистрация_2012_год.accdb_10[[Выкл]:[дата]],3,FALSE) -> 45300 | AU3: =VLOOKUP(Таблица13[[#This Row],[оборудование2]],Таблица_Регистрация_2012_год.accdb_10[[Выкл]:[дата]],3,FALSE) -> 45300 | AV3: =VLOOKUP(Таблица13[[#This Row],[оборудование4]],Таблица_Регистрация_2012_год.accdb_10[[Выкл]:[дата]],3,FALSE) -> 45300 | AW3: =VLOOKUP(Таблица13[[#This Row],[оборудование6]],Таблица_Регистрация_2012_год.accdb_10[[Выкл]:[дата]],3,FALSE) -> #N/A | AX3: =VLOOKUP(Таблица13[[#This Row],[оборудование8]],Таблица_Регистрация_2012_год.accdb_10[[Выкл]:[дата]],3,FALSE) -> #N/A | AY3: =VLOOKUP(Таблица13[[#This Row],[оборудование10]],Таблица_Регистрация_2012_год.accdb_10[[Выкл]:[дата]],3,FALSE) -> 45300 | AZ3: =VLOOKUP(Таблица13[[#This Row],[оборудование12]],Таблица_Регистрация_2012_год.accdb_10[[Выкл]:[дата]],3,FALSE) -> #N/A | BA3: =VLOOKUP(Таблица13[[#This Row],[оборудование14]],Таблица_Регистрация_2012_год.accdb_10[[Выкл]:[дата]],3,FALSE) -> #N/A | BB3: =VLOOKUP(Таблица13[[#This Row],[оборудование16]],Таблица_Регистрация_2012_год.accdb_10[[Выкл]:[дата]],3,FALSE) -> #N/A | BC3: =VLOOKUP(Таблица13[[#This Row],[оборудование18]],Таблица_Регистрация_2012_год.accdb_10[[Выкл]:[дата]],3,FALSE) -> #N/A | BE3: 1 | BF3: 1 | BG3: 1
B4: =IF('КСО-204'!D19="","",'КСО-204'!D19) -> CVM 1.2 ВЕАШ468389.001-01 | C4: =IFERROR(VLOOKUP(B4,Прайсы!$BC$3:$BD$7,2,FALSE),0) -> 29620 | D4: =IF('КСО-204'!E19="","",'КСО-204'!E19) -> CVM 1.2 ВЕАШ468389.001-01 | E4: =IFERROR(VLOOKUP(D4,Прайсы!$BC$3:$BD$7,2,FALSE),0) -> 29620 | F4: =IF('КСО-204'!F19="","",'КСО-204'!F19) -> CVM 1.2 ВЕАШ468389.001-01 | G4: =IFERROR(VLOOKUP(F4,Прайсы!$BC$3:$BD$7,2,FALSE),0) -> 29620 | H4: =IF('КСО-204'!G19="","",'КСО-204'!G19) | I4: =IFERROR(VLOOKUP(H4,Прайсы!$BC$3:$BD$7,2,FALSE),0) -> 0 | J4: =IF('КСО-204'!H19="","",'КСО-204'!H19) | K4: =IFERROR(VLOOKUP(J4,Прайсы!$BC$3:$BD$7,2,FALSE),0) -> 0 | L4: =IF('КСО-204'!I19="","",'КСО-204'!I19) -> CVM 1.2 ВЕАШ468389.001-01 | M4: =IFERROR(VLOOKUP(L4,Прайсы!$BC$3:$BD$7,2,FALSE),0) -> 29620 | N4: =IF('КСО-204'!J19="","",'КСО-204'!J19) | O4: =IFERROR(VLOOKUP(N4,Прайсы!$BC$3:$BD$7,2,FALSE),0) -> 0 | P4: =IF('КСО-204'!K19="","",'КСО-204'!K19) | Q4: =IFERROR(VLOOKUP(P4,Прайсы!$BC$3:$BD$7,2,FALSE),0) -> 0 | R4: =IF('КСО-204'!L19="","",'КСО-204'!L19) | S4: =IFERROR(VLOOKUP(R4,Прайсы!$BC$3:$BD$7,2,FALSE),0) -> 0 | T4: =IF('КСО-204'!M19="","",'КСО-204'!M19) | U4: =IFERROR(VLOOKUP(T4,Прайсы!$BC$3:$BD$7,2,FALSE),0) -> 0 | AT4: =VLOOKUP(Таблица13[[#This Row],[оборудование]],Таблица_Регистрация_2012_год.accdb_6[[БУ]:[дата]],3,FALSE) -> 45300 | AU4: =VLOOKUP(Таблица13[[#This Row],[оборудование2]],Таблица_Регистрация_2012_год.accdb_6[[БУ]:[дата]],3,FALSE) -> 45300 | AV4: =VLOOKUP(Таблица13[[#This Row],[оборудование4]],Таблица_Регистрация_2012_год.accdb_6[[БУ]:[дата]],3,FALSE) -> 45300 | AW4: =VLOOKUP(Таблица13[[#This Row],[оборудование6]],Таблица_Регистрация_2012_год.accdb_6[[БУ]:[дата]],3,FALSE) -> #N/A | AX4: =VLOOKUP(Таблица13[[#This Row],[оборудование8]],Таблица_Регистрация_2012_год.accdb_6[[БУ]:[дата]],3,FALSE) -> #N/A | AY4: =VLOOKUP(Таблица13[[#This Row],[оборудование10]],Таблица_Регистрация_2012_год.accdb_6[[БУ]:[дата]],3,FALSE) -> 45300 | AZ4: =VLOOKUP(Таблица13[[#This Row],[оборудование12]],Таблица_Регистрация_2012_год.accdb_6[[БУ]:[дата]],3,FALSE) -> #N/A | BA4: =VLOOKUP(Таблица13[[#This Row],[оборудование14]],Таблица_Регистрация_2012_год.accdb_6[[БУ]:[дата]],3,FALSE) -> #N/A | BB4: =VLOOKUP(Таблица13[[#This Row],[оборудование16]],Таблица_Регистрация_2012_год.accdb_6[[БУ]:[дата]],3,FALSE) -> #N/A | BC4: =VLOOKUP(Таблица13[[#This Row],[оборудование18]],Таблица_Регистрация_2012_год.accdb_6[[БУ]:[дата]],3,FALSE) -> #N/A | BE4: 8 | BF4: 8 | BG4: 8
B5: =IF('КСО-204'!D20="","",'КСО-204'!D20) -> АГАТ 200. А | C5: =IFERROR(VLOOKUP(B5,Прайсы!$AW$3:$AX$108,2,FALSE),0) -> 70833 | D5: =IF('КСО-204'!E20="","",'КСО-204'!E20) -> АГАТ 200. А | E5: =IFERROR(VLOOKUP(D5,Прайсы!$AW$3:$AX$108,2,FALSE),0) -> 70833 | F5: =IF('КСО-204'!F20="","",'КСО-204'!F20) -> АГАТ 200. АВ | G5: =IFERROR(VLOOKUP(F5,Прайсы!$AW$3:$AX$108,2,FALSE),0) -> 79167 | H5: =IF('КСО-204'!G20="","",'КСО-204'!G20) | I5: =IFERROR(VLOOKUP(H5,Прайсы!$AW$3:$AX$108,2,FALSE),0) -> 0 | J5: =IF('КСО-204'!H20="","",'КСО-204'!H20) -> АГАТ 200. В | K5: =IFERROR(VLOOKUP(J5,Прайсы!$AW$3:$AX$108,2,FALSE),0) -> 70833 | L5: =IF('КСО-204'!I20="","",'КСО-204'!I20) -> АГАТ 200. АВ | M5: =IFERROR(VLOOKUP(L5,Прайсы!$AW$3:$AX$108,2,FALSE),0) -> 79167 | N5: =IF('КСО-204'!J20="","",'КСО-204'!J20) | O5: =IFERROR(VLOOKUP(N5,Прайсы!$AW$3:$AX$108,2,FALSE),0) -> 0 | P5: =IF('КСО-204'!K20="","",'КСО-204'!K20) | Q5: =IFERROR(VLOOKUP(P5,Прайсы!$AW$3:$AX$108,2,FALSE),0) -> 0 | R5: =IF('КСО-204'!L20="","",'КСО-204'!L20) | S5: =IFERROR(VLOOKUP(R5,Прайсы!$AW$3:$AX$108,2,FALSE),0) -> 0 | T5: =IF('КСО-204'!M20="","",'КСО-204'!M20) | U5: =IFERROR(VLOOKUP(T5,Прайсы!$AW$3:$AX$108,2,FALSE),0) -> 0 | AT5: =VLOOKUP(Таблица13[[#This Row],[оборудование]],Таблица_Регистрация_2012_год.accdb_5[[МПЗ]:[Дата]],3,FALSE) -> 45677 | AU5: =VLOOKUP(Таблица13[[#This Row],[оборудование2]],Таблица_Регистрация_2012_год.accdb_5[[МПЗ]:[Дата]],3,FALSE) -> 45677 | AV5: =VLOOKUP(Таблица13[[#This Row],[оборудование4]],Таблица_Регистрация_2012_год.accdb_5[[МПЗ]:[Дата]],3,FALSE) -> 45677 | AW5: =VLOOKUP(Таблица13[[#This Row],[оборудование6]],Таблица_Регистрация_2012_год.accdb_5[[МПЗ]:[Дата]],3,FALSE) -> #N/A | AX5: =VLOOKUP(Таблица13[[#This Row],[оборудование8]],Таблица_Регистрация_2012_год.accdb_5[[МПЗ]:[Дата]],3,FALSE) -> 45677 | AY5: =VLOOKUP(Таблица13[[#This Row],[оборудование10]],Таблица_Регистрация_2012_год.accdb_5[[МПЗ]:[Дата]],3,FALSE) -> 45677 | AZ5: =VLOOKUP(Таблица13[[#This Row],[оборудование12]],Таблица_Регистрация_2012_год.accdb_5[[МПЗ]:[Дата]],3,FALSE) -> #N/A | BA5: =VLOOKUP(Таблица13[[#This Row],[оборудование14]],Таблица_Регистрация_2012_год.accdb_5[[МПЗ]:[Дата]],3,FALSE) -> #N/A | BB5: =VLOOKUP(Таблица13[[#This Row],[оборудование16]],Таблица_Регистрация_2012_год.accdb_5[[МПЗ]:[Дата]],3,FALSE) -> #N/A | BC5: =VLOOKUP(Таблица13[[#This Row],[оборудование18]],Таблица_Регистрация_2012_год.accdb_5[[МПЗ]:[Дата]],3,FALSE) -> #N/A | BE5: =4+5 -> 9 | BF5: =4+5 -> 9 | BG5: =4*2+5*2 -> 18 | BH5: ="+сборная 5м" -> +сборная 5м
B6: =IF('КСО-204'!D21="","",'КСО-204'!D21) -> 3 | C6: =IF(AND(B6=1,B3=""),"ОШИБКА",IF(B6=1,0,IF(B6=2,C7,2*C7))) -> 46080 | D6: =IF('КСО-204'!E21="","",'КСО-204'!E21) -> 3 | E6: =IF(AND(D6=1,D3=""),"ОШИБКА",IF(D6=1,0,IF(D6=2,E7,2*E7))) -> 46080 | F6: =IF('КСО-204'!F21="","",'КСО-204'!F21) -> 3 | G6: =IF(AND(F6=1,F3=""),"ОШИБКА",IF(F6=1,0,IF(F6=2,G7,2*G7))) -> 44880 | H6: =IF('КСО-204'!G21="","",'КСО-204'!G21) | I6: =IF(AND(H6=1,H3=""),"ОШИБКА",IF(H6=1,0,IF(H6=2,I7,2*I7))) -> 0 | J6: =IF('КСО-204'!H21="","",'КСО-204'!H21) | K6: =IF(AND(J6=1,J3=""),"ОШИБКА",IF(J6=1,0,IF(J6=2,K7,2*K7))) -> 0 | L6: =IF('КСО-204'!I21="","",'КСО-204'!I21) -> 3 | M6: =IF(AND(L6=1,L3=""),"ОШИБКА",IF(L6=1,0,IF(L6=2,M7,2*M7))) -> 46080 | N6: =IF('КСО-204'!J21="","",'КСО-204'!J21) | O6: =IF(AND(N6=1,N3=""),"ОШИБКА",IF(N6=1,0,IF(N6=2,O7,2*O7))) -> 0 | P6: =IF('КСО-204'!K21="","",'КСО-204'!K21) | Q6: =IF(AND(P6=1,P3=""),"ОШИБКА",IF(P6=1,0,IF(P6=2,Q7,2*Q7))) -> 0 | R6: =IF('КСО-204'!L21="","",'КСО-204'!L21) | S6: =IF(AND(R6=1,R3=""),"ОШИБКА",IF(R6=1,0,IF(R6=2,S7,2*S7))) -> 0 | T6: =IF('КСО-204'!M21="","",'КСО-204'!M21) | U6: =IF(AND(T6=1,T3=""),"ОШИБКА",IF(T6=1,0,IF(T6=2,U7,2*U7))) -> 0 | W6: ТТ | X6: =IF(B6="",0,B6) -> 3 | Y6: =IF(D6="",0,D6) -> 3 | Z6: =IF(F6="",0,F6) -> 3 | AA6: =IF(H6="",0,H6) -> 0 | AB6: =IF(J6="",0,J6) -> 0 | AC6: =IF(L6="",0,L6) -> 3 | AD6: =IF(N6="",0,N6) -> 0 | AE6: =IF(P6="",0,P6) -> 0 | AF6: =IF(R6="",0,R6) -> 0 | AG6: =IF(T6="",0,T6) -> 0 | BE6: AL | BF6: Cu | BG6: Cu
B7: =IF('КСО-204'!D22="","",'КСО-204'!D22) -> ТПЛ-10 200/5 0,5S/10P | C7: =IFERROR(VLOOKUP(B7,Прайсы!$B$3:$C$122,2,FALSE),0) -> 23040 | D7: =IF('КСО-204'!E22="","",'КСО-204'!E22) -> ТПЛ-10 600/5 0,5S/10P | E7: =IFERROR(VLOOKUP(D7,Прайсы!$B$3:$C$122,2,FALSE),0) -> 23040 | F7: =IF('КСО-204'!F22="","",'КСО-204'!F22) -> ТПЛ-10 1000/5 0,5S/10P | G7: =IFERROR(VLOOKUP(F7,Прайсы!$B$3:$C$122,2,FALSE),0) -> 22440 | H7: =IF('КСО-204'!G22="","",'КСО-204'!G22) | I7: =IFERROR(VLOOKUP(H7,Прайсы!$B$3:$C$122,2,FALSE),0) -> 0 | J7: =IF('КСО-204'!H22="","",'КСО-204'!H22) | K7: =IFERROR(VLOOKUP(J7,Прайсы!$B$3:$C$122,2,FALSE),0) -> 0 | L7: =IF('КСО-204'!I22="","",'КСО-204'!I22) -> ТПЛ-10 800/5 0,5S/10P | M7: =IFERROR(VLOOKUP(L7,Прайсы!$B$3:$C$122,2,FALSE),0) -> 23040 | N7: =IF('КСО-204'!J22="","",'КСО-204'!J22) | O7: =IFERROR(VLOOKUP(N7,Прайсы!$B$3:$C$122,2,FALSE),0) -> 0 | P7: =IF('КСО-204'!K22="","",'КСО-204'!K22) | Q7: =IFERROR(VLOOKUP(P7,Прайсы!$B$3:$C$122,2,FALSE),0) -> 0 | R7: =IF('КСО-204'!L22="","",'КСО-204'!L22) | S7: =IFERROR(VLOOKUP(R7,Прайсы!$B$3:$C$122,2,FALSE),0) -> 0 | T7: =IF('КСО-204'!M22="","",'КСО-204'!M22) | U7: =IFERROR(VLOOKUP(T7,Прайсы!$B$3:$C$122,2,FALSE),0) -> 0 | AT7: =VLOOKUP(Таблица13[[#This Row],[оборудование]],Таблица_Регистрация_2012_год.accdb_1[[ТТ]:[Дата]],3,FALSE) -> 45614 | AU7: =VLOOKUP(Таблица13[[#This Row],[оборудование2]],Таблица_Регистрация_2012_год.accdb_1[[ТТ]:[Дата]],3,FALSE) -> 45614 | AV7: =VLOOKUP(Таблица13[[#This Row],[оборудование4]],Таблица_Регистрация_2012_год.accdb_1[[ТТ]:[Дата]],3,FALSE) -> 45614 | AW7: =VLOOKUP(Таблица13[[#This Row],[оборудование6]],Таблица_Регистрация_2012_год.accdb_1[[ТТ]:[Дата]],3,FALSE) -> #N/A | AX7: =VLOOKUP(Таблица13[[#This Row],[оборудование8]],Таблица_Регистрация_2012_год.accdb_1[[ТТ]:[Дата]],3,FALSE) -> #N/A | AY7: =VLOOKUP(Таблица13[[#This Row],[оборудование10]],Таблица_Регистрация_2012_год.accdb_1[[ТТ]:[Дата]],3,FALSE) -> 45614 | AZ7: =VLOOKUP(Таблица13[[#This Row],[оборудование12]],Таблица_Регистрация_2012_год.accdb_1[[ТТ]:[Дата]],3,FALSE) -> #N/A | BA7: =VLOOKUP(Таблица13[[#This Row],[оборудование14]],Таблица_Регистрация_2012_год.accdb_1[[ТТ]:[Дата]],3,FALSE) -> #N/A | BB7: =VLOOKUP(Таблица13[[#This Row],[оборудование16]],Таблица_Регистрация_2012_год.accdb_1[[ТТ]:[Дата]],3,FALSE) -> #N/A | BC7: =VLOOKUP(Таблица13[[#This Row],[оборудование18]],Таблица_Регистрация_2012_год.accdb_1[[ТТ]:[Дата]],3,FALSE) -> #N/A | BE7: =BE3*Прайсы!EU3 -> 188 | BF7: =BF3*Прайсы!EO3 -> 1319 | BG7: =BG3*Прайсы!EO3 -> 1319
B8: =IF('КСО-204'!D23="","",'КСО-204'!D23) -> РВЗ-10/1000 | C8: =IFERROR(VLOOKUP(B8,Прайсы!$L$3:$M$20,2,FALSE),0) -> 22568 | D8: =IF('КСО-204'!E23="","",'КСО-204'!E23) -> РВЗ-10/1000 | E8: =IFERROR(VLOOKUP(D8,Прайсы!$L$3:$M$20,2,FALSE),0) -> 22568 | F8: =IF('КСО-204'!F23="","",'КСО-204'!F23) -> РВЗ-10/1000 | G8: =IFERROR(VLOOKUP(F8,Прайсы!$L$3:$M$20,2,FALSE),0) -> 22568 | H8: =IF('КСО-204'!G23="","",'КСО-204'!G23) | I8: =IFERROR(VLOOKUP(H8,Прайсы!$L$3:$M$20,2,FALSE),0) -> 0 | J8: =IF('КСО-204'!H23="","",'КСО-204'!H23) -> ЗР-10 | K8: =IFERROR(VLOOKUP(J8,Прайсы!$L$3:$M$20,2,FALSE),0) -> 11519 | L8: =IF('КСО-204'!I23="","",'КСО-204'!I23) | M8: =IFERROR(VLOOKUP(L8,Прайсы!$L$3:$M$20,2,FALSE),0) -> 0 | N8: =IF('КСО-204'!J23="","",'КСО-204'!J23) | O8: =IFERROR(VLOOKUP(N8,Прайсы!$L$3:$M$20,2,FALSE),0) -> 0 | P8: =IF('КСО-204'!K23="","",'КСО-204'!K23) | Q8: =IFERROR(VLOOKUP(P8,Прайсы!$L$3:$M$20,2,FALSE),0) -> 0 | R8: =IF('КСО-204'!L23="","",'КСО-204'!L23) | S8: =IFERROR(VLOOKUP(R8,Прайсы!$L$3:$M$20,2,FALSE),0) -> 0 | T8: =IF('КСО-204'!M23="","",'КСО-204'!M23) | U8: =IFERROR(VLOOKUP(T8,Прайсы!$L$3:$M$20,2,FALSE),0) -> 0 | W8: рвз | X8: =IF(B8<>"",1,0) -> 1 | Y8: =IF(D8<>"",1,0) -> 1 | Z8: =IF(F8<>"",1,0) -> 1 | AA8: =IF(H8<>"",1,0) -> 0 | AB8: =IF(J8<>"",1,0) -> 1 | AC8: =IF(L8<>"",1,0) -> 0 | AD8: =IF(N8<>"",1,0) -> 0 | AE8: =IF(P8<>"",1,0) -> 0 | AF8: =IF(R8<>"",1,0) -> 0 | AG8: =IF(T8<>"",1,0) -> 0 | AT8: =VLOOKUP(Таблица13[[#This Row],[оборудование]],Таблица_Регистрация_2012_год.accdb[[РВЗ]:[Дата]],3,FALSE) -> 45680 | AU8: =VLOOKUP(Таблица13[[#This Row],[оборудование2]],Таблица_Регистрация_2012_год.accdb[[РВЗ]:[Дата]],3,FALSE) -> 45680 | AV8: =VLOOKUP(Таблица13[[#This Row],[оборудование4]],Таблица_Регистрация_2012_год.accdb[[РВЗ]:[Дата]],3,FALSE) -> 45680 | AW8: =VLOOKUP(Таблица13[[#This Row],[оборудование6]],Таблица_Регистрация_2012_год.accdb[[РВЗ]:[Дата]],3,FALSE) -> #N/A | AX8: =VLOOKUP(Таблица13[[#This Row],[оборудование8]],Таблица_Регистрация_2012_год.accdb[[РВЗ]:[Дата]],3,FALSE) -> 45680 | AY8: =VLOOKUP(Таблица13[[#This Row],[оборудование10]],Таблица_Регистрация_2012_год.accdb[[РВЗ]:[Дата]],3,FALSE) -> #N/A | AZ8: =VLOOKUP(Таблица13[[#This Row],[оборудование12]],Таблица_Регистрация_2012_год.accdb[[РВЗ]:[Дата]],3,FALSE) -> #N/A | BA8: =VLOOKUP(Таблица13[[#This Row],[оборудование14]],Таблица_Регистрация_2012_год.accdb[[РВЗ]:[Дата]],3,FALSE) -> #N/A | BB8: =VLOOKUP(Таблица13[[#This Row],[оборудование16]],Таблица_Регистрация_2012_год.accdb[[РВЗ]:[Дата]],3,FALSE) -> #N/A | BC8: =VLOOKUP(Таблица13[[#This Row],[оборудование18]],Таблица_Регистрация_2012_год.accdb[[РВЗ]:[Дата]],3,FALSE) -> #N/A | BE8: =BE4*Прайсы!EU4 -> 2384 | BF8: =BF4*Прайсы!EO4 -> 17584 | BG8: =BG4*Прайсы!EO4 -> 17584
B9: =IF('КСО-204'!D24="","",'КСО-204'!D24) -> Меркурий 234 АRTM(Х)2-00 (D)PBR.G | C9: =IFERROR(VLOOKUP(B9,Прайсы!$CX$3:$CZ$75,3,FALSE),0) -> 17540 | D9: =IF('КСО-204'!E24="","",'КСО-204'!E24) -> Меркурий 234 АRTM(Х)2-00 (D)PBR.G | E9: =IFERROR(VLOOKUP(D9,Прайсы!$CX$3:$CZ$75,3,FALSE),0) -> 17540 | F9: =IF('КСО-204'!F24="","",'КСО-204'!F24) -> Меркурий 234 АRTM(Х)2-00 (D)PBR.G | G9: =IFERROR(VLOOKUP(F9,Прайсы!$CX$3:$CZ$75,3,FALSE),0) -> 17540 | H9: =IF('КСО-204'!G24="","",'КСО-204'!G24) | I9: =IFERROR(VLOOKUP(H9,Прайсы!$CX$3:$CZ$75,3,FALSE),0) -> 0 | J9: =IF('КСО-204'!H24="","",'КСО-204'!H24) | K9: =IFERROR(VLOOKUP(J9,Прайсы!$CX$3:$CZ$75,3,FALSE),0) -> 0 | L9: =IF('КСО-204'!I24="","",'КСО-204'!I24) | M9: =IFERROR(VLOOKUP(L9,Прайсы!$CX$3:$CZ$75,3,FALSE),0) -> 0 | N9: =IF('КСО-204'!J24="","",'КСО-204'!J24) | O9: =IFERROR(VLOOKUP(N9,Прайсы!$CX$3:$CZ$75,3,FALSE),0) -> 0 | P9: =IF('КСО-204'!K24="","",'КСО-204'!K24) | Q9: =IFERROR(VLOOKUP(P9,Прайсы!$CX$3:$CZ$75,3,FALSE),0) -> 0 | R9: =IF('КСО-204'!L24="","",'КСО-204'!L24) | S9: =IFERROR(VLOOKUP(R9,Прайсы!$CX$3:$CZ$75,3,FALSE),0) -> 0 | T9: =IF('КСО-204'!M24="","",'КСО-204'!M24) | U9: =IFERROR(VLOOKUP(T9,Прайсы!$CX$3:$CZ$75,3,FALSE),0) -> 0 | AT9: =VLOOKUP(Таблица13[[#This Row],[оборудование]],Таблица_Регистрация_2012_год.accdb_13[[счетчик]:[дата]],4,FALSE) -> 45406 | AU9: =VLOOKUP(Таблица13[[#This Row],[оборудование2]],Таблица_Регистрация_2012_год.accdb_13[[счетчик]:[дата]],4,FALSE) -> 45406 | AV9: =VLOOKUP(Таблица13[[#This Row],[оборудование4]],Таблица_Регистрация_2012_год.accdb_13[[счетчик]:[дата]],4,FALSE) -> 45406 | AW9: =VLOOKUP(Таблица13[[#This Row],[оборудование6]],Таблица_Регистрация_2012_год.accdb_13[[счетчик]:[дата]],4,FALSE) -> #N/A | AX9: =VLOOKUP(Таблица13[[#This Row],[оборудование8]],Таблица_Регистрация_2012_год.accdb_13[[счетчик]:[дата]],4,FALSE) -> #N/A | AY9: =VLOOKUP(Таблица13[[#This Row],[оборудование10]],Таблица_Регистрация_2012_год.accdb_13[[счетчик]:[дата]],4,FALSE) -> #N/A | AZ9: =VLOOKUP(Таблица13[[#This Row],[оборудование12]],Таблица_Регистрация_2012_год.accdb_13[[счетчик]:[дата]],4,FALSE) -> #N/A | BA9: =VLOOKUP(Таблица13[[#This Row],[оборудование14]],Таблица_Регистрация_2012_год.accdb_13[[счетчик]:[дата]],4,FALSE) -> #N/A | BB9: =VLOOKUP(Таблица13[[#This Row],[оборудование16]],Таблица_Регистрация_2012_год.accdb_13[[счетчик]:[дата]],4,FALSE) -> #N/A | BC9: =VLOOKUP(Таблица13[[#This Row],[оборудование18]],Таблица_Регистрация_2012_год.accdb_13[[счетчик]:[дата]],4,FALSE) -> #N/A | BE9: =BE5*Прайсы!EU5 -> 5121 | BF9: =BF5*Прайсы!EO5 -> 35604 | BG9: =BG5*Прайсы!EO5 -> 71208
B10: =IF('КСО-204'!D25="","",'КСО-204'!D25) | C10: =IFERROR(VLOOKUP(B10,Прайсы!$AG$3:$AH$21,2,FALSE),0) -> 0 | D10: =IF('КСО-204'!E25="","",'КСО-204'!E25) | E10: =IFERROR(VLOOKUP(D10,Прайсы!$AG$3:$AH$21,2,FALSE),0) -> 0 | F10: =IF('КСО-204'!F25="","",'КСО-204'!F25) | G10: =IFERROR(VLOOKUP(F10,Прайсы!$AG$3:$AH$21,2,FALSE),0) -> 0 | H10: =IF('КСО-204'!G25="","",'КСО-204'!G25) | I10: =IFERROR(VLOOKUP(H10,Прайсы!$AG$3:$AH$21,2,FALSE),0) -> 0 | J10: =IF('КСО-204'!H25="","",'КСО-204'!H25) -> НАМИТ-6 | K10: =IFERROR(VLOOKUP(J10,Прайсы!$AG$3:$AH$21,2,FALSE),0) | L10: =IF('КСО-204'!I25="","",'КСО-204'!I25) | M10: =IFERROR(VLOOKUP(L10,Прайсы!$AG$3:$AH$21,2,FALSE),0) -> 0 | N10: =IF('КСО-204'!J25="","",'КСО-204'!J25) | O10: =IFERROR(VLOOKUP(N10,Прайсы!$AG$3:$AH$21,2,FALSE),0) -> 0 | P10: =IF('КСО-204'!K25="","",'КСО-204'!K25) | Q10: =IFERROR(VLOOKUP(P10,Прайсы!$AG$3:$AH$21,2,FALSE),0) -> 0 | R10: =IF('КСО-204'!L25="","",'КСО-204'!L25) | S10: =IFERROR(VLOOKUP(R10,Прайсы!$AG$3:$AH$21,2,FALSE),0) -> 0 | T10: =IF('КСО-204'!M25="","",'КСО-204'!M25) | U10: =IFERROR(VLOOKUP(T10,Прайсы!$AG$3:$AH$21,2,FALSE),0) -> 0 | W10: тн | X10: =IF(B10<>"",1,0) -> 0 | Y10: =IF(D10<>"",1,0) -> 0 | Z10: =IF(F10<>"",1,0) -> 0 | AA10: =IF(H10<>"",1,0) -> 0 | AB10: =IF(J10<>"",1,0) -> 1 | AC10: =IF(L10<>"",1,0) -> 0 | AD10: =IF(N10<>"",1,0) -> 0 | AE10: =IF(P10<>"",1,0) -> 0 | AF10: =IF(R10<>"",1,0) -> 0 | AG10: =IF(T10<>"",1,0) -> 0 | AT10: =VLOOKUP(Таблица13[[#This Row],[оборудование]],Таблица_Регистрация_2012_год.accdb_8[[ТН]:[Дата]],3,FALSE) -> #N/A | AU10: =VLOOKUP(Таблица13[[#This Row],[оборудование2]],Таблица_Регистрация_2012_год.accdb_8[[ТН]:[Дата]],3,FALSE) -> #N/A | AV10: =VLOOKUP(Таблица13[[#This Row],[оборудование4]],Таблица_Регистрация_2012_год.accdb_8[[ТН]:[Дата]],3,FALSE) -> #N/A | AW10: =VLOOKUP(Таблица13[[#This Row],[оборудование6]],Таблица_Регистрация_2012_год.accdb_8[[ТН]:[Дата]],3,FALSE) -> #N/A | AX10: =VLOOKUP(Таблица13[[#This Row],[оборудование8]],Таблица_Регистрация_2012_год.accdb_8[[ТН]:[Дата]],3,FALSE) -> 42075 | AY10: =VLOOKUP(Таблица13[[#This Row],[оборудование10]],Таблица_Регистрация_2012_год.accdb_8[[ТН]:[Дата]],3,FALSE) -> #N/A | AZ10: =VLOOKUP(Таблица13[[#This Row],[оборудование12]],Таблица_Регистрация_2012_год.accdb_8[[ТН]:[Дата]],3,FALSE) -> #N/A | BA10: =VLOOKUP(Таблица13[[#This Row],[оборудование14]],Таблица_Регистрация_2012_год.accdb_8[[ТН]:[Дата]],3,FALSE) -> #N/A | BB10: =VLOOKUP(Таблица13[[#This Row],[оборудование16]],Таблица_Регистрация_2012_год.accdb_8[[ТН]:[Дата]],3,FALSE) -> #N/A | BC10: =VLOOKUP(Таблица13[[#This Row],[оборудование18]],Таблица_Регистрация_2012_год.accdb_8[[ТН]:[Дата]],3,FALSE) -> #N/A
B11: =IF('КСО-204'!D26="","",'КСО-204'!D26) | C11: =IFERROR(VLOOKUP(B11,Прайсы!$BH$3:$BI$15,2,FALSE),0) -> 0 | D11: =IF('КСО-204'!E26="","",'КСО-204'!E26) | E11: =IFERROR(VLOOKUP(D11,Прайсы!$BH$3:$BI$15,2,FALSE),0) -> 0 | F11: =IF('КСО-204'!F26="","",'КСО-204'!F26) | G11: =IFERROR(VLOOKUP(F11,Прайсы!$BH$3:$BI$15,2,FALSE),0) -> 0 | H11: =IF('КСО-204'!G26="","",'КСО-204'!G26) -> ТЛС-25 | I11: =IFERROR(VLOOKUP(H11,Прайсы!$BH$3:$BI$15,2,FALSE),0) -> 214000 | J11: =IF('КСО-204'!H26="","",'КСО-204'!H26) | K11: =IFERROR(VLOOKUP(J11,Прайсы!$BH$3:$BI$15,2,FALSE),0) -> 0 | L11: =IF('КСО-204'!I26="","",'КСО-204'!I26) | M11: =IFERROR(VLOOKUP(L11,Прайсы!$BH$3:$BI$15,2,FALSE),0) -> 0 | N11: =IF('КСО-204'!J26="","",'КСО-204'!J26) | O11: =IFERROR(VLOOKUP(N11,Прайсы!$BH$3:$BI$15,2,FALSE),0) -> 0 | P11: =IF('КСО-204'!K26="","",'КСО-204'!K26) | Q11: =IFERROR(VLOOKUP(P11,Прайсы!$BH$3:$BI$15,2,FALSE),0) -> 0 | R11: =IF('КСО-204'!L26="","",'КСО-204'!L26) | S11: =IFERROR(VLOOKUP(R11,Прайсы!$BH$3:$BI$15,2,FALSE),0) -> 0 | T11: =IF('КСО-204'!M26="","",'КСО-204'!M26) | U11: =IFERROR(VLOOKUP(T11,Прайсы!$BH$3:$BI$15,2,FALSE),0) -> 0 | W11: олсп | X11: =IF(B11<>"",1,0) -> 0 | Y11: =IF(D11<>"",1,0) -> 0 | Z11: =IF(F11<>"",1,0) -> 0 | AA11: =IF(H11<>"",1,0) -> 1 | AB11: =IF(J11<>"",1,0) -> 0 | AC11: =IF(L11<>"",1,0) -> 0 | AD11: =IF(N11<>"",1,0) -> 0 | AE11: =IF(P11<>"",1,0) -> 0 | AF11: =IF(R11<>"",1,0) -> 0 | AG11: =IF(T11<>"",1,0) -> 0 | AT11: =VLOOKUP(Таблица13[[#This Row],[оборудование]],Таблица_Регистрация_2012_год.accdb_7[[ТСН]:[Дата]],3,FALSE) -> #N/A | AU11: =VLOOKUP(Таблица13[[#This Row],[оборудование2]],Таблица_Регистрация_2012_год.accdb_7[[ТСН]:[Дата]],3,FALSE) -> #N/A | AV11: =VLOOKUP(Таблица13[[#This Row],[оборудование4]],Таблица_Регистрация_2012_год.accdb_7[[ТСН]:[Дата]],3,FALSE) -> #N/A | AW11: =VLOOKUP(Таблица13[[#This Row],[оборудование6]],Таблица_Регистрация_2012_год.accdb_7[[ТСН]:[Дата]],3,FALSE) -> 45604 | AX11: =VLOOKUP(Таблица13[[#This Row],[оборудование8]],Таблица_Регистрация_2012_год.accdb_7[[ТСН]:[Дата]],3,FALSE) -> #N/A | AY11: =VLOOKUP(Таблица13[[#This Row],[оборудование10]],Таблица_Регистрация_2012_год.accdb_7[[ТСН]:[Дата]],3,FALSE) -> #N/A | AZ11: =VLOOKUP(Таблица13[[#This Row],[оборудование12]],Таблица_Регистрация_2012_год.accdb_7[[ТСН]:[Дата]],3,FALSE) -> #N/A | BA11: =VLOOKUP(Таблица13[[#This Row],[оборудование14]],Таблица_Регистрация_2012_год.accdb_7[[ТСН]:[Дата]],3,FALSE) -> #N/A | BB11: =VLOOKUP(Таблица13[[#This Row],[оборудование16]],Таблица_Регистрация_2012_год.accdb_7[[ТСН]:[Дата]],3,FALSE) -> #N/A | BC11: =VLOOKUP(Таблица13[[#This Row],[оборудование18]],Таблица_Регистрация_2012_год.accdb_7[[ТСН]:[Дата]],3,FALSE) -> #N/A | BE11: =SUM(BE7:BE9) -> 7693 | BF11: =SUM(BF7:BF9) -> 54507 | BG11: =SUM(BG7:BG9) -> 90111
A12: за 3 шт | B12: =IF('КСО-204'!D27="","",'КСО-204'!D27) | C12: =IFERROR(VLOOKUP(B12,Прайсы!$DF$3:$DI$4,4,FALSE),0) -> 0 | D12: =IF('КСО-204'!E27="","",'КСО-204'!E27) | E12: =IFERROR(VLOOKUP(D12,Прайсы!$DF$3:$DI$4,4,FALSE),0) -> 0 | F12: =IF('КСО-204'!F27="","",'КСО-204'!F27) | G12: =IFERROR(VLOOKUP(F12,Прайсы!$DF$3:$DI$4,4,FALSE),0) -> 0 | H12: =IF('КСО-204'!G27="","",'КСО-204'!G27) -> 3хПатрон ПТ | I12: =IFERROR(VLOOKUP(H12,Прайсы!$DF$3:$DI$4,4,FALSE),0) -> 3030 | J12: =IF('КСО-204'!H27="","",'КСО-204'!H27) | K12: =IFERROR(VLOOKUP(J12,Прайсы!$DF$3:$DI$4,4,FALSE),0) -> 0 | L12: =IF('КСО-204'!I27="","",'КСО-204'!I27) | M12: =IFERROR(VLOOKUP(L12,Прайсы!$DF$3:$DI$4,4,FALSE),0) -> 0 | N12: =IF('КСО-204'!J27="","",'КСО-204'!J27) | O12: =IFERROR(VLOOKUP(N12,Прайсы!$DF$3:$DI$4,4,FALSE),0) -> 0 | P12: =IF('КСО-204'!K27="","",'КСО-204'!K27) | Q12: =IFERROR(VLOOKUP(P12,Прайсы!$DF$3:$DI$4,4,FALSE),0) -> 0 | R12: =IF('КСО-204'!L27="","",'КСО-204'!L27) | S12: =IFERROR(VLOOKUP(R12,Прайсы!$DF$3:$DI$4,4,FALSE),0) -> 0 | T12: =IF('КСО-204'!M27="","",'КСО-204'!M27) | U12: =IFERROR(VLOOKUP(T12,Прайсы!$DF$3:$DI$4,4,FALSE),0) -> 0 | W12: ПКТ | X12: =IF(B12<>"",1,0) -> 0 | Y12: =IF(D12<>"",1,0) -> 0 | Z12: =IF(F12<>"",1,0) -> 0 | AA12: =IF(H12<>"",1,0) -> 1 | AB12: =IF(J12<>"",1,0) -> 0 | AC12: =IF(L12<>"",1,0) -> 0 | AD12: =IF(N12<>"",1,0) -> 0 | AE12: =IF(P12<>"",1,0) -> 0 | AF12: =IF(R12<>"",1,0) -> 0 | AG12: =IF(T12<>"",1,0) -> 0 | AT12: =VLOOKUP(Таблица13[[#This Row],[оборудование]],Таблица_Регистрация_2012_год.accdb_14[[ПТ]:[дата]],5,FALSE) -> #N/A | AU12: =VLOOKUP(Таблица13[[#This Row],[оборудование2]],Таблица_Регистрация_2012_год.accdb_14[[ПТ]:[дата]],5,FALSE) -> #N/A | AV12: =VLOOKUP(Таблица13[[#This Row],[оборудование4]],Таблица_Регистрация_2012_год.accdb_14[[ПТ]:[дата]],5,FALSE) -> #N/A | AW12: =VLOOKUP(Таблица13[[#This Row],[оборудование6]],Таблица_Регистрация_2012_год.accdb_14[[ПТ]:[дата]],5,FALSE) -> 44638 | AX12: =VLOOKUP(Таблица13[[#This Row],[оборудование8]],Таблица_Регистрация_2012_год.accdb_14[[ПТ]:[дата]],5,FALSE) -> #N/A | AY12: =VLOOKUP(Таблица13[[#This Row],[оборудование10]],Таблица_Регистрация_2012_год.accdb_14[[ПТ]:[дата]],5,FALSE) -> #N/A | AZ12: =VLOOKUP(Таблица13[[#This Row],[оборудование12]],Таблица_Регистрация_2012_год.accdb_14[[ПТ]:[дата]],5,FALSE) -> #N/A | BA12: =VLOOKUP(Таблица13[[#This Row],[оборудование14]],Таблица_Регистрация_2012_год.accdb_14[[ПТ]:[дата]],5,FALSE) -> #N/A | BB12: =VLOOKUP(Таблица13[[#This Row],[оборудование16]],Таблица_Регистрация_2012_год.accdb_14[[ПТ]:[дата]],5,FALSE) -> #N/A | BC12: =VLOOKUP(Таблица13[[#This Row],[оборудование18]],Таблица_Регистрация_2012_год.accdb_14[[ПТ]:[дата]],5,FALSE) -> #N/A
B13: =IF('КСО-204'!D28="","",'КСО-204'!D28) | C13: =IFERROR(3*VLOOKUP(B13,Прайсы!$AQ$3:$AR$19,2,FALSE),0) -> 0 | D13: =IF('КСО-204'!E28="","",'КСО-204'!E28) | E13: =IFERROR(3*VLOOKUP(D13,Прайсы!$AQ$3:$AR$19,2,FALSE),0) -> 0 | F13: =IF('КСО-204'!F28="","",'КСО-204'!F28) -> ОПН-П-6/7.2/10/550 | G13: =IFERROR(3*VLOOKUP(F13,Прайсы!$AQ$3:$AR$19,2,FALSE),0) -> 5700 | H13: =IF('КСО-204'!G28="","",'КСО-204'!G28) | I13: =IFERROR(3*VLOOKUP(H13,Прайсы!$AQ$3:$AR$19,2,FALSE),0) -> 0 | J13: =IF('КСО-204'!H28="","",'КСО-204'!H28) -> ОПН-П-6/7.2/10/550 | K13: =IFERROR(3*VLOOKUP(J13,Прайсы!$AQ$3:$AR$19,2,FALSE),0) -> 5700 | L13: =IF('КСО-204'!I28="","",'КСО-204'!I28) | M13: =IFERROR(3*VLOOKUP(L13,Прайсы!$AQ$3:$AR$19,2,FALSE),0) -> 0 | N13: =IF('КСО-204'!J28="","",'КСО-204'!J28) | O13: =IFERROR(3*VLOOKUP(N13,Прайсы!$AQ$3:$AR$19,2,FALSE),0) -> 0 | P13: =IF('КСО-204'!K28="","",'КСО-204'!K28) | Q13: =IFERROR(3*VLOOKUP(P13,Прайсы!$AQ$3:$AR$19,2,FALSE),0) -> 0 | R13: =IF('КСО-204'!L28="","",'КСО-204'!L28) | S13: =IFERROR(3*VLOOKUP(R13,Прайсы!$AQ$3:$AR$19,2,FALSE),0) -> 0 | T13: =IF('КСО-204'!M28="","",'КСО-204'!M28) | U13: =IFERROR(3*VLOOKUP(T13,Прайсы!$AQ$3:$AR$19,2,FALSE),0) -> 0 | W13: опн | X13: =IF(B13<>"",1,0) -> 0 | Y13: =IF(D13<>"",1,0) -> 0 | Z13: =IF(F13<>"",1,0) -> 1 | AA13: =IF(H13<>"",1,0) -> 0 | AB13: =IF(J13<>"",1,0) -> 1 | AC13: =IF(L13<>"",1,0) -> 0 | AD13: =IF(N13<>"",1,0) -> 0 | AE13: =IF(P13<>"",1,0) -> 0 | AF13: =IF(R13<>"",1,0) -> 0 | AG13: =IF(T13<>"",1,0) -> 0 | AT13: =VLOOKUP(Таблица13[[#This Row],[оборудование]],Таблица_Регистрация_2012_год.accdb_4[[ОПН]:[Дата]],3,FALSE) -> #N/A | AU13: =VLOOKUP(Таблица13[[#This Row],[оборудование2]],Таблица_Регистрация_2012_год.accdb_4[[ОПН]:[Дата]],3,FALSE) -> #N/A | AV13: =VLOOKUP(Таблица13[[#This Row],[оборудование4]],Таблица_Регистрация_2012_год.accdb_4[[ОПН]:[Дата]],3,FALSE) -> 45693 | AW13: =VLOOKUP(Таблица13[[#This Row],[оборудование6]],Таблица_Регистрация_2012_год.accdb_4[[ОПН]:[Дата]],3,FALSE) -> #N/A | AX13: =VLOOKUP(Таблица13[[#This Row],[оборудование8]],Таблица_Регистрация_2012_год.accdb_4[[ОПН]:[Дата]],3,FALSE) -> 45693 | AY13: =VLOOKUP(Таблица13[[#This Row],[оборудование10]],Таблица_Регистрация_2012_год.accdb_4[[ОПН]:[Дата]],3,FALSE) -> #N/A | AZ13: =VLOOKUP(Таблица13[[#This Row],[оборудование12]],Таблица_Регистрация_2012_год.accdb_4[[ОПН]:[Дата]],3,FALSE) -> #N/A | BA13: =VLOOKUP(Таблица13[[#This Row],[оборудование14]],Таблица_Регистрация_2012_год.accdb_4[[ОПН]:[Дата]],3,FALSE) -> #N/A | BB13: =VLOOKUP(Таблица13[[#This Row],[оборудование16]],Таблица_Регистрация_2012_год.accdb_4[[ОПН]:[Дата]],3,FALSE) -> #N/A | BC13: =VLOOKUP(Таблица13[[#This Row],[оборудование18]],Таблица_Регистрация_2012_год.accdb_4[[ОПН]:[Дата]],3,FALSE) -> #N/A
B14: =IF('КСО-204'!D29="","",'КСО-204'!D29) | D14: =IF('КСО-204'!E29="","",'КСО-204'!E29) | F14: =IF('КСО-204'!F29="","",'КСО-204'!F29) | H14: =IF('КСО-204'!G29="","",'КСО-204'!G29) | J14: =IF('КСО-204'!H29="","",'КСО-204'!H29) | L14: =IF('КСО-204'!I29="","",'КСО-204'!I29) | N14: =IF('КСО-204'!J29="","",'КСО-204'!J29) | P14: =IF('КСО-204'!K29="","",'КСО-204'!K29) | R14: =IF('КСО-204'!L29="","",'КСО-204'!L29) | T14: =IF('КСО-204'!M29="","",'КСО-204'!M29)
B15: =IF('КСО-204'!D30="","",'КСО-204'!D30) | D15: =IF('КСО-204'!E30="","",'КСО-204'!E30) | F15: =IF('КСО-204'!F30="","",'КСО-204'!F30) | H15: =IF('КСО-204'!G30="","",'КСО-204'!G30) | J15: =IF('КСО-204'!H30="","",'КСО-204'!H30) | L15: =IF('КСО-204'!I30="","",'КСО-204'!I30) | N15: =IF('КСО-204'!J30="","",'КСО-204'!J30) | P15: =IF('КСО-204'!K30="","",'КСО-204'!K30) | R15: =IF('КСО-204'!L30="","",'КСО-204'!L30) | T15: =IF('КСО-204'!M30="","",'КСО-204'!M30) | W15: тип | X15: =Таблица13[[#Totals],[оборудование]] -> Линия | Y15: =Таблица13[[#Totals],[оборудование2]] -> Линия | Z15: =Таблица13[[#Totals],[оборудование4]] -> Ввод | AA15: =Таблица13[[#Totals],[оборудование6]] -> ТСН | AB15: =Таблица13[[#Totals],[оборудование8]] -> ТН | AC15: =Таблица13[[#Totals],[оборудование10]] -> СВ | AD15: =Таблица13[[#Totals],[оборудование12]] -> СР | AE15: =Таблица13[[#Totals],[оборудование14]] | AF15: =Таблица13[[#Totals],[оборудование16]] | AG15: =Таблица13[[#Totals],[оборудование18]]
B16: =IF('КСО-204'!D31="","",'КСО-204'!D31) -> ТЗЛМ-1 | C16: =IFERROR(VLOOKUP(B16,Прайсы!$W$3:$X$18,2,FALSE),0) -> 3450 | D16: =IF('КСО-204'!E31="","",'КСО-204'!E31) -> ТЗЛМ-1 | E16: =IFERROR(VLOOKUP(D16,Прайсы!$W$3:$X$18,2,FALSE),0) -> 3450 | F16: =IF('КСО-204'!F31="","",'КСО-204'!F31) | G16: =IFERROR(VLOOKUP(F16,Прайсы!$W$3:$X$18,2,FALSE),0) -> 0 | H16: =IF('КСО-204'!G31="","",'КСО-204'!G31) | I16: =IFERROR(VLOOKUP(H16,Прайсы!$W$3:$X$18,2,FALSE),0) -> 0 | J16: =IF('КСО-204'!H31="","",'КСО-204'!H31) | K16: =IFERROR(VLOOKUP(J16,Прайсы!$W$3:$X$18,2,FALSE),0) -> 0 | L16: =IF('КСО-204'!I31="","",'КСО-204'!I31) | M16: =IFERROR(VLOOKUP(L16,Прайсы!$W$3:$X$18,2,FALSE),0) -> 0 | N16: =IF('КСО-204'!J31="","",'КСО-204'!J31) | O16: =IFERROR(VLOOKUP(N16,Прайсы!$W$3:$X$18,2,FALSE),0) -> 0 | P16: =IF('КСО-204'!K31="","",'КСО-204'!K31) | Q16: =IFERROR(VLOOKUP(P16,Прайсы!$W$3:$X$18,2,FALSE),0) -> 0 | R16: =IF('КСО-204'!L31="","",'КСО-204'!L31) | S16: =IFERROR(VLOOKUP(R16,Прайсы!$W$3:$X$18,2,FALSE),0) -> 0 | T16: =IF('КСО-204'!M31="","",'КСО-204'!M31) | U16: =IFERROR(VLOOKUP(T16,Прайсы!$W$3:$X$18,2,FALSE),0) -> 0 | X16: =B31 -> ФОТ КСО-204 | Y16: =D31 -> ФОТ КСО-204 | Z16: =F31 -> ФОТ КСО-204 | AA16: =H31 -> ФОТ КСО-204 | AB16: =J31 -> ФОТ КСО-204 | AC16: =L31 -> ФОТ КСО-204 | AD16: =N31 -> ФОТ КСО-204 | AE16: =P31 -> ФОТ | AF16: =R31 -> ФОТ | AG16: =T31 -> ФОТ | AT16: =VLOOKUP(Таблица13[[#This Row],[оборудование]],Таблица_Регистрация_2012_год.accdb_2[[ТТНП]:[Дата]],3,FALSE) -> 45572 | AU16: =VLOOKUP(Таблица13[[#This Row],[оборудование2]],Таблица_Регистрация_2012_год.accdb_2[[ТТНП]:[Дата]],3,FALSE) -> 45572 | AV16: =VLOOKUP(Таблица13[[#This Row],[оборудование4]],Таблица_Регистрация_2012_год.accdb_2[[ТТНП]:[Дата]],3,FALSE) -> #N/A | AW16: =VLOOKUP(Таблица13[[#This Row],[оборудование6]],Таблица_Регистрация_2012_год.accdb_2[[ТТНП]:[Дата]],3,FALSE) -> #N/A | AX16: =VLOOKUP(Таблица13[[#This Row],[оборудование8]],Таблица_Регистрация_2012_год.accdb_2[[ТТНП]:[Дата]],3,FALSE) -> #N/A | AY16: =VLOOKUP(Таблица13[[#This Row],[оборудование10]],Таблица_Регистрация_2012_год.accdb_2[[ТТНП]:[Дата]],3,FALSE) -> #N/A | AZ16: =VLOOKUP(Таблица13[[#This Row],[оборудование12]],Таблица_Регистрация_2012_год.accdb_2[[ТТНП]:[Дата]],3,FALSE) -> #N/A | BA16: =VLOOKUP(Таблица13[[#This Row],[оборудование14]],Таблица_Регистрация_2012_год.accdb_2[[ТТНП]:[Дата]],3,FALSE) -> #N/A | BB16: =VLOOKUP(Таблица13[[#This Row],[оборудование16]],Таблица_Регистрация_2012_год.accdb_2[[ТТНП]:[Дата]],3,FALSE) -> #N/A | BC16: =VLOOKUP(Таблица13[[#This Row],[оборудование18]],Таблица_Регистрация_2012_год.accdb_2[[ТТНП]:[Дата]],3,FALSE) -> #N/A | BE16: 630 | BF16: 1
B17: =IF('КСО-204'!D32="","",'КСО-204'!D32) | C17: =IF(B17="",0,(B17-1)*C18) -> 0 | D17: =IF('КСО-204'!E32="","",'КСО-204'!E32) | E17: =IF(D17="",0,(D17-1)*E18) -> 0 | F17: =IF('КСО-204'!F32="","",'КСО-204'!F32) | G17: =IF(F17="",0,(F17-1)*G18) -> 0 | H17: =IF('КСО-204'!G32="","",'КСО-204'!G32) | I17: =IF(H17="",0,(H17-1)*I18) -> 0 | J17: =IF('КСО-204'!H32="","",'КСО-204'!H32) | K17: =IF(J17="",0,(J17-1)*K18) -> 0 | L17: =IF('КСО-204'!I32="","",'КСО-204'!I32) | M17: =IF(L17="",0,(L17-1)*M18) -> 0 | N17: =IF('КСО-204'!J32="","",'КСО-204'!J32) | O17: =IF(N17="",0,(N17-1)*O18) -> 0 | P17: =IF('КСО-204'!K32="","",'КСО-204'!K32) | Q17: =IF(P17="",0,(P17-1)*Q18) -> 0 | R17: =IF('КСО-204'!L32="","",'КСО-204'!L32) | S17: =IF(R17="",0,(R17-1)*S18) -> 0 | T17: =IF('КСО-204'!M32="","",'КСО-204'!M32) | U17: =IF(T17="",0,(T17-1)*U18) -> 0 | X17: =B2 -> РВФЗ-10/1000 | Y17: =D2 -> РВФЗ-10/1000 | Z17: =F2 -> РВФЗ-10/1000 | AA17: =H2 -> РВФЗ-10/1000 | AB17: =J2 -> РВФЗ-10/1000 | AC17: =L2 -> РВФЗ-10/1000 | AD17: =N2 -> РВФЗ-10/1000 | AE17: =P2 | AF17: =R2 | AG17: =T2 | BE17: 1000 | BF17: 2
B18: =IF('КСО-204'!D33="","",'КСО-204'!D33) | C18: =IFERROR(VLOOKUP(B18,Прайсы!$CH$3:$CI$106,2,FALSE),0) -> 0 | D18: =IF('КСО-204'!E33="","",'КСО-204'!E33) | E18: =IFERROR(VLOOKUP(D18,Прайсы!$CH$3:$CI$106,2,FALSE),0) -> 0 | F18: =IF('КСО-204'!F33="","",'КСО-204'!F33) | G18: =IFERROR(VLOOKUP(F18,Прайсы!$CH$3:$CI$106,2,FALSE),0) -> 0 | H18: =IF('КСО-204'!G33="","",'КСО-204'!G33) | I18: =IFERROR(VLOOKUP(H18,Прайсы!$CH$3:$CI$106,2,FALSE),0) -> 0 | J18: =IF('КСО-204'!H33="","",'КСО-204'!H33) | K18: =IFERROR(VLOOKUP(J18,Прайсы!$CH$3:$CI$106,2,FALSE),0) -> 0 | L18: =IF('КСО-204'!I33="","",'КСО-204'!I33) | M18: =IFERROR(VLOOKUP(L18,Прайсы!$CH$3:$CI$106,2,FALSE),0) -> 0 | N18: =IF('КСО-204'!J33="","",'КСО-204'!J33) | O18: =IFERROR(VLOOKUP(N18,Прайсы!$CH$3:$CI$106,2,FALSE),0) -> 0 | P18: =IF('КСО-204'!K33="","",'КСО-204'!K33) | Q18: =IFERROR(VLOOKUP(P18,Прайсы!$CH$3:$CI$106,2,FALSE),0) -> 0 | R18: =IF('КСО-204'!L33="","",'КСО-204'!L33) | S18: =IFERROR(VLOOKUP(R18,Прайсы!$CH$3:$CI$106,2,FALSE),0) -> 0 | T18: =IF('КСО-204'!M33="","",'КСО-204'!M33) | U18: =IFERROR(VLOOKUP(T18,Прайсы!$CH$3:$CI$106,2,FALSE),0) -> 0 | AT18: =VLOOKUP(Таблица13[[#This Row],[оборудование]],Таблица_Регистрация_2012_год.accdb_11[[Доп]:[Дата]],3,FALSE) -> #N/A | AU18: =VLOOKUP(Таблица13[[#This Row],[оборудование2]],Таблица_Регистрация_2012_год.accdb_11[[Доп]:[Дата]],3,FALSE) -> #N/A | AV18: =VLOOKUP(Таблица13[[#This Row],[оборудование4]],Таблица_Регистрация_2012_год.accdb_11[[Доп]:[Дата]],3,FALSE) -> #N/A | AW18: =VLOOKUP(Таблица13[[#This Row],[оборудование6]],Таблица_Регистрация_2012_год.accdb_11[[Доп]:[Дата]],3,FALSE) -> #N/A | AX18: =VLOOKUP(Таблица13[[#This Row],[оборудование8]],Таблица_Регистрация_2012_год.accdb_11[[Доп]:[Дата]],3,FALSE) -> #N/A | AY18: =VLOOKUP(Таблица13[[#This Row],[оборудование10]],Таблица_Регистрация_2012_год.accdb_11[[Доп]:[Дата]],3,FALSE) -> #N/A | AZ18: =VLOOKUP(Таблица13[[#This Row],[оборудование12]],Таблица_Регистрация_2012_год.accdb_11[[Доп]:[Дата]],3,FALSE) -> #N/A | BA18: =VLOOKUP(Таблица13[[#This Row],[оборудование14]],Таблица_Регистрация_2012_год.accdb_11[[Доп]:[Дата]],3,FALSE) -> #N/A | BB18: =VLOOKUP(Таблица13[[#This Row],[оборудование16]],Таблица_Регистрация_2012_год.accdb_11[[Доп]:[Дата]],3,FALSE) -> #N/A | BC18: =VLOOKUP(Таблица13[[#This Row],[оборудование18]],Таблица_Регистрация_2012_год.accdb_11[[Доп]:[Дата]],3,FALSE) -> #N/A | BE18: Cu630 | BF18: 3
B19: =IF('КСО-204'!D34="","",'КСО-204'!D34) | C19: =IF(B19="",0,(B19-1)*C20) -> 0 | D19: =IF('КСО-204'!E34="","",'КСО-204'!E34) | E19: =IF(D19="",0,(D19-1)*E20) -> 0 | F19: =IF('КСО-204'!F34="","",'КСО-204'!F34) | G19: =IF(F19="",0,(F19-1)*G20) -> 0 | H19: =IF('КСО-204'!G34="","",'КСО-204'!G34) | I19: =IF(H19="",0,(H19-1)*I20) -> 0 | J19: =IF('КСО-204'!H34="","",'КСО-204'!H34) | K19: =IF(J19="",0,(J19-1)*K20) -> 0 | L19: =IF('КСО-204'!I34="","",'КСО-204'!I34) | M19: =IF(L19="",0,(L19-1)*M20) -> 0 | N19: =IF('КСО-204'!J34="","",'КСО-204'!J34) | O19: =IF(N19="",0,(N19-1)*O20) -> 0 | P19: =IF('КСО-204'!K34="","",'КСО-204'!K34) | Q19: =IF(P19="",0,(P19-1)*Q20) -> 0 | R19: =IF('КСО-204'!L34="","",'КСО-204'!L34) | S19: =IF(R19="",0,(R19-1)*S20) -> 0 | T19: =IF('КСО-204'!M34="","",'КСО-204'!M34) | U19: =IF(T19="",0,(T19-1)*U20) -> 0 | X19: =IF(LEFT(X17,3)="РВЗ","РВЗ","") | Y19: =IF(LEFT(Y17,3)="РВЗ","РВЗ","") | Z19: =IF(LEFT(Z17,3)="РВЗ","РВЗ","") | AA19: =IF(LEFT(AA17,3)="РВЗ","РВЗ","") | AB19: =IF(LEFT(AB17,3)="РВЗ","РВЗ","") | AC19: =IF(LEFT(AC17,3)="РВЗ","РВЗ","") | AD19: =IF(LEFT(AD17,3)="РВЗ","РВЗ","") | AE19: =IF(LEFT(AE17,3)="РВЗ","РВЗ","") | ... AG19: =IF(LEFT(AG17,3)="РВЗ","РВЗ","") | BE19: Cu1000 | BF19: 4
B20: =IF('КСО-204'!D35="","",'КСО-204'!D35) | C20: =IFERROR(VLOOKUP(B20,Прайсы!$CH$3:$CI$106,2,FALSE),0) -> 0 | D20: =IF('КСО-204'!E35="","",'КСО-204'!E35) | E20: =IFERROR(VLOOKUP(D20,Прайсы!$CH$3:$CI$106,2,FALSE),0) -> 0 | F20: =IF('КСО-204'!F35="","",'КСО-204'!F35) | G20: =IFERROR(VLOOKUP(F20,Прайсы!$CH$3:$CI$106,2,FALSE),0) -> 0 | H20: =IF('КСО-204'!G35="","",'КСО-204'!G35) | I20: =IFERROR(VLOOKUP(H20,Прайсы!$CH$3:$CI$106,2,FALSE),0) -> 0 | J20: =IF('КСО-204'!H35="","",'КСО-204'!H35) | K20: =IFERROR(VLOOKUP(J20,Прайсы!$CH$3:$CI$106,2,FALSE),0) -> 0 | L20: =IF('КСО-204'!I35="","",'КСО-204'!I35) | M20: =IFERROR(VLOOKUP(L20,Прайсы!$CH$3:$CI$106,2,FALSE),0) -> 0 | N20: =IF('КСО-204'!J35="","",'КСО-204'!J35) | O20: =IFERROR(VLOOKUP(N20,Прайсы!$CH$3:$CI$106,2,FALSE),0) -> 0 | P20: =IF('КСО-204'!K35="","",'КСО-204'!K35) | Q20: =IFERROR(VLOOKUP(P20,Прайсы!$CH$3:$CI$106,2,FALSE),0) -> 0 | R20: =IF('КСО-204'!L35="","",'КСО-204'!L35) | S20: =IFERROR(VLOOKUP(R20,Прайсы!$CH$3:$CI$106,2,FALSE),0) -> 0 | T20: =IF('КСО-204'!M35="","",'КСО-204'!M35) | U20: =IFERROR(VLOOKUP(T20,Прайсы!$CH$3:$CI$106,2,FALSE),0) -> 0 | X20: =IF(OR(LEFT(X15,3)="Лин",LEFT(X15,3)="Вво"),"",(LEFT(X15,3))) | Y20: =IF(OR(LEFT(Y15,3)="Лин",LEFT(Y15,3)="Вво"),"",(LEFT(Y15,3))) | Z20: =IF(OR(LEFT(Z15,3)="Лин",LEFT(Z15,3)="Вво"),"",(LEFT(Z15,3))) | AA20: =IF(OR(LEFT(AA15,3)="Лин",LEFT(AA15,3)="Вво"),"",(LEFT(AA15,3))) -> ТСН | AB20: =IF(OR(LEFT(AB15,3)="Лин",LEFT(AB15,3)="Вво"),"",(LEFT(AB15,3))) -> ТН | AC20: =IF(OR(LEFT(AC15,3)="Лин",LEFT(AC15,3)="Вво"),"",(LEFT(AC15,3))) -> СВ | AD20: =IF(OR(LEFT(AD15,3)="Лин",LEFT(AD15,3)="Вво"),"",(LEFT(AD15,3))) -> СР | AE20: =IF(OR(LEFT(AE15,3)="Лин",LEFT(AE15,3)="Вво"),"",(LEFT(AE15,3))) | ... AG20: =IF(OR(LEFT(AG15,3)="Лин",LEFT(AG15,3)="Вво"),"",(LEFT(AG15,3))) | AT20: =VLOOKUP(Таблица13[[#This Row],[оборудование]],Таблица_Регистрация_2012_год.accdb_11[[Доп]:[Дата]],3,FALSE) -> #N/A | AU20: =VLOOKUP(Таблица13[[#This Row],[оборудование2]],Таблица_Регистрация_2012_год.accdb_11[[Доп]:[Дата]],3,FALSE) -> #N/A | AV20: =VLOOKUP(Таблица13[[#This Row],[оборудование4]],Таблица_Регистрация_2012_год.accdb_11[[Доп]:[Дата]],3,FALSE) -> #N/A | AW20: =VLOOKUP(Таблица13[[#This Row],[оборудование6]],Таблица_Регистрация_2012_год.accdb_11[[Доп]:[Дата]],3,FALSE) -> #N/A | AX20: =VLOOKUP(Таблица13[[#This Row],[оборудование8]],Таблица_Регистрация_2012_год.accdb_11[[Доп]:[Дата]],3,FALSE) -> #N/A | AY20: =VLOOKUP(Таблица13[[#This Row],[оборудование10]],Таблица_Регистрация_2012_год.accdb_11[[Доп]:[Дата]],3,FALSE) -> #N/A | AZ20: =VLOOKUP(Таблица13[[#This Row],[оборудование12]],Таблица_Регистрация_2012_год.accdb_11[[Доп]:[Дата]],3,FALSE) -> #N/A | BA20: =VLOOKUP(Таблица13[[#This Row],[оборудование14]],Таблица_Регистрация_2012_год.accdb_11[[Доп]:[Дата]],3,FALSE) -> #N/A | BB20: =VLOOKUP(Таблица13[[#This Row],[оборудование16]],Таблица_Регистрация_2012_год.accdb_11[[Доп]:[Дата]],3,FALSE) -> #N/A | BC20: =VLOOKUP(Таблица13[[#This Row],[оборудование18]],Таблица_Регистрация_2012_год.accdb_11[[Доп]:[Дата]],3,FALSE) -> #N/A | BE20: Cu1600 | BF20: 5
B21: =IF('КСО-204'!D36="","",'КСО-204'!D36) | C21: =IF(B21="",0,(B21-1)*C22) -> 0 | D21: =IF('КСО-204'!E36="","",'КСО-204'!E36) | E21: =IF(D21="",0,(D21-1)*E22) -> 0 | F21: =IF('КСО-204'!F36="","",'КСО-204'!F36) | G21: =IF(F21="",0,(F21-1)*G22) -> 0 | H21: =IF('КСО-204'!G36="","",'КСО-204'!G36) | I21: =IF(H21="",0,(H21-1)*I22) -> 0 | J21: =IF('КСО-204'!H36="","",'КСО-204'!H36) | K21: =IF(J21="",0,(J21-1)*K22) -> 0 | L21: =IF('КСО-204'!I36="","",'КСО-204'!I36) | M21: =IF(L21="",0,(L21-1)*M22) -> 0 | N21: =IF('КСО-204'!J36="","",'КСО-204'!J36) | O21: =IF(N21="",0,(N21-1)*O22) -> 0 | P21: =IF('КСО-204'!K36="","",'КСО-204'!K36) | Q21: =IF(P21="",0,(P21-1)*Q22) -> 0 | R21: =IF('КСО-204'!L36="","",'КСО-204'!L36) | S21: =IF(R21="",0,(R21-1)*S22) -> 0 | T21: =IF('КСО-204'!M36="","",'КСО-204'!M36) | U21: =IF(T21="",0,(T21-1)*U22) -> 0
B22: =IF('КСО-204'!D37="","",'КСО-204'!D37) | C22: =IFERROR(VLOOKUP(B22,Прайсы!$CH$3:$CI$106,2,FALSE),0) -> 0 | D22: =IF('КСО-204'!E37="","",'КСО-204'!E37) | E22: =IFERROR(VLOOKUP(D22,Прайсы!$CH$3:$CI$106,2,FALSE),0) -> 0 | F22: =IF('КСО-204'!F37="","",'КСО-204'!F37) | G22: =IFERROR(VLOOKUP(F22,Прайсы!$CH$3:$CI$106,2,FALSE),0) -> 0 | H22: =IF('КСО-204'!G37="","",'КСО-204'!G37) | I22: =IFERROR(VLOOKUP(H22,Прайсы!$CH$3:$CI$106,2,FALSE),0) -> 0 | J22: =IF('КСО-204'!H37="","",'КСО-204'!H37) | K22: =IFERROR(VLOOKUP(J22,Прайсы!$CH$3:$CI$106,2,FALSE),0) -> 0 | L22: =IF('КСО-204'!I37="","",'КСО-204'!I37) | M22: =IFERROR(VLOOKUP(L22,Прайсы!$CH$3:$CI$106,2,FALSE),0) -> 0 | N22: =IF('КСО-204'!J37="","",'КСО-204'!J37) | O22: =IFERROR(VLOOKUP(N22,Прайсы!$CH$3:$CI$106,2,FALSE),0) -> 0 | P22: =IF('КСО-204'!K37="","",'КСО-204'!K37) | Q22: =IFERROR(VLOOKUP(P22,Прайсы!$CH$3:$CI$106,2,FALSE),0) -> 0 | R22: =IF('КСО-204'!L37="","",'КСО-204'!L37) | S22: =IFERROR(VLOOKUP(R22,Прайсы!$CH$3:$CI$106,2,FALSE),0) -> 0 | T22: =IF('КСО-204'!M37="","",'КСО-204'!M37) | U22: =IFERROR(VLOOKUP(T22,Прайсы!$CH$3:$CI$106,2,FALSE),0) -> 0 | AT22: =VLOOKUP(Таблица13[[#This Row],[оборудование]],Таблица_Регистрация_2012_год.accdb_11[[Доп]:[Дата]],3,FALSE) -> #N/A | AU22: =VLOOKUP(Таблица13[[#This Row],[оборудование2]],Таблица_Регистрация_2012_год.accdb_11[[Доп]:[Дата]],3,FALSE) -> #N/A | AV22: =VLOOKUP(Таблица13[[#This Row],[оборудование4]],Таблица_Регистрация_2012_год.accdb_11[[Доп]:[Дата]],3,FALSE) -> #N/A | AW22: =VLOOKUP(Таблица13[[#This Row],[оборудование6]],Таблица_Регистрация_2012_год.accdb_11[[Доп]:[Дата]],3,FALSE) -> #N/A | AX22: =VLOOKUP(Таблица13[[#This Row],[оборудование8]],Таблица_Регистрация_2012_год.accdb_11[[Доп]:[Дата]],3,FALSE) -> #N/A | AY22: =VLOOKUP(Таблица13[[#This Row],[оборудование10]],Таблица_Регистрация_2012_год.accdb_11[[Доп]:[Дата]],3,FALSE) -> #N/A | AZ22: =VLOOKUP(Таблица13[[#This Row],[оборудование12]],Таблица_Регистрация_2012_год.accdb_11[[Доп]:[Дата]],3,FALSE) -> #N/A | BA22: =VLOOKUP(Таблица13[[#This Row],[оборудование14]],Таблица_Регистрация_2012_год.accdb_11[[Доп]:[Дата]],3,FALSE) -> #N/A | BB22: =VLOOKUP(Таблица13[[#This Row],[оборудование16]],Таблица_Регистрация_2012_год.accdb_11[[Доп]:[Дата]],3,FALSE) -> #N/A | BC22: =VLOOKUP(Таблица13[[#This Row],[оборудование18]],Таблица_Регистрация_2012_год.accdb_11[[Доп]:[Дата]],3,FALSE) -> #N/A
B23: =IF('КСО-204'!D38="","",'КСО-204'!D38) | C23: =IF(B23="",0,(B23-1)*C24) -> 0 | D23: =IF('КСО-204'!E38="","",'КСО-204'!E38) | E23: =IF(D23="",0,(D23-1)*E24) -> 0 | F23: =IF('КСО-204'!F38="","",'КСО-204'!F38) | G23: =IF(F23="",0,(F23-1)*G24) -> 0 | H23: =IF('КСО-204'!G38="","",'КСО-204'!G38) | I23: =IF(H23="",0,(H23-1)*I24) -> 0 | J23: =IF('КСО-204'!H38="","",'КСО-204'!H38) | K23: =IF(J23="",0,(J23-1)*K24) -> 0 | L23: =IF('КСО-204'!I38="","",'КСО-204'!I38) | M23: =IF(L23="",0,(L23-1)*M24) -> 0 | N23: =IF('КСО-204'!J38="","",'КСО-204'!J38) | O23: =IF(N23="",0,(N23-1)*O24) -> 0 | P23: =IF('КСО-204'!K38="","",'КСО-204'!K38) | Q23: =IF(P23="",0,(P23-1)*Q24) -> 0 | R23: =IF('КСО-204'!L38="","",'КСО-204'!L38) | S23: =IF(R23="",0,(R23-1)*S24) -> 0 | T23: =IF('КСО-204'!M38="","",'КСО-204'!M38) | U23: =IF(T23="",0,(T23-1)*U24) -> 0
B24: =IF('КСО-204'!D39="","",'КСО-204'!D39) | C24: =IFERROR(VLOOKUP(B24,Прайсы!$CH$3:$CI$106,2,FALSE),0) -> 0 | D24: =IF('КСО-204'!E39="","",'КСО-204'!E39) | E24: =IFERROR(VLOOKUP(D24,Прайсы!$CH$3:$CI$106,2,FALSE),0) -> 0 | F24: =IF('КСО-204'!F39="","",'КСО-204'!F39) | G24: =IFERROR(VLOOKUP(F24,Прайсы!$CH$3:$CI$106,2,FALSE),0) -> 0 | H24: =IF('КСО-204'!G39="","",'КСО-204'!G39) | I24: =IFERROR(VLOOKUP(H24,Прайсы!$CH$3:$CI$106,2,FALSE),0) -> 0 | J24: =IF('КСО-204'!H39="","",'КСО-204'!H39) | K24: =IFERROR(VLOOKUP(J24,Прайсы!$CH$3:$CI$106,2,FALSE),0) -> 0 | L24: =IF('КСО-204'!I39="","",'КСО-204'!I39) | M24: =IFERROR(VLOOKUP(L24,Прайсы!$CH$3:$CI$106,2,FALSE),0) -> 0 | N24: =IF('КСО-204'!J39="","",'КСО-204'!J39) | O24: =IFERROR(VLOOKUP(N24,Прайсы!$CH$3:$CI$106,2,FALSE),0) -> 0 | P24: =IF('КСО-204'!K39="","",'КСО-204'!K39) | Q24: =IFERROR(VLOOKUP(P24,Прайсы!$CH$3:$CI$106,2,FALSE),0) -> 0 | R24: =IF('КСО-204'!L39="","",'КСО-204'!L39) | S24: =IFERROR(VLOOKUP(R24,Прайсы!$CH$3:$CI$106,2,FALSE),0) -> 0 | T24: =IF('КСО-204'!M39="","",'КСО-204'!M39) | U24: =IFERROR(VLOOKUP(T24,Прайсы!$CH$3:$CI$106,2,FALSE),0) -> 0 | AT24: =VLOOKUP(Таблица13[[#This Row],[оборудование]],Таблица_Регистрация_2012_год.accdb_11[[Доп]:[Дата]],3,FALSE) -> #N/A | AU24: =VLOOKUP(Таблица13[[#This Row],[оборудование2]],Таблица_Регистрация_2012_год.accdb_11[[Доп]:[Дата]],3,FALSE) -> #N/A | AV24: =VLOOKUP(Таблица13[[#This Row],[оборудование4]],Таблица_Регистрация_2012_год.accdb_11[[Доп]:[Дата]],3,FALSE) -> #N/A | AW24: =VLOOKUP(Таблица13[[#This Row],[оборудование6]],Таблица_Регистрация_2012_год.accdb_11[[Доп]:[Дата]],3,FALSE) -> #N/A | AX24: =VLOOKUP(Таблица13[[#This Row],[оборудование8]],Таблица_Регистрация_2012_год.accdb_11[[Доп]:[Дата]],3,FALSE) -> #N/A | AY24: =VLOOKUP(Таблица13[[#This Row],[оборудование10]],Таблица_Регистрация_2012_год.accdb_11[[Доп]:[Дата]],3,FALSE) -> #N/A | AZ24: =VLOOKUP(Таблица13[[#This Row],[оборудование12]],Таблица_Регистрация_2012_год.accdb_11[[Доп]:[Дата]],3,FALSE) -> #N/A | BA24: =VLOOKUP(Таблица13[[#This Row],[оборудование14]],Таблица_Регистрация_2012_год.accdb_11[[Доп]:[Дата]],3,FALSE) -> #N/A | BB24: =VLOOKUP(Таблица13[[#This Row],[оборудование16]],Таблица_Регистрация_2012_год.accdb_11[[Доп]:[Дата]],3,FALSE) -> #N/A | BC24: =VLOOKUP(Таблица13[[#This Row],[оборудование18]],Таблица_Регистрация_2012_год.accdb_11[[Доп]:[Дата]],3,FALSE) -> #N/A
B25: =IF('КСО-204'!D40="","",'КСО-204'!D40) | C25: =IF(B25="",0,(B25-1)*C26) -> 0 | D25: =IF('КСО-204'!E40="","",'КСО-204'!E40) | E25: =IF(D25="",0,(D25-1)*E26) -> 0 | F25: =IF('КСО-204'!F40="","",'КСО-204'!F40) | G25: =IF(F25="",0,(F25-1)*G26) -> 0 | H25: =IF('КСО-204'!G40="","",'КСО-204'!G40) | I25: =IF(H25="",0,(H25-1)*I26) -> 0 | J25: =IF('КСО-204'!H40="","",'КСО-204'!H40) | K25: =IF(J25="",0,(J25-1)*K26) -> 0 | L25: =IF('КСО-204'!I40="","",'КСО-204'!I40) | M25: =IF(L25="",0,(L25-1)*M26) -> 0 | N25: =IF('КСО-204'!J40="","",'КСО-204'!J40) | O25: =IF(N25="",0,(N25-1)*O26) -> 0 | P25: =IF('КСО-204'!K40="","",'КСО-204'!K40) | Q25: =IF(P25="",0,(P25-1)*Q26) -> 0 | R25: =IF('КСО-204'!L40="","",'КСО-204'!L40) | S25: =IF(R25="",0,(R25-1)*S26) -> 0 | T25: =IF('КСО-204'!M40="","",'КСО-204'!M40) | U25: =IF(T25="",0,(T25-1)*U26) -> 0
B26: =IF('КСО-204'!D41="","",'КСО-204'!D41) | C26: =IFERROR(VLOOKUP(B26,Прайсы!$CH$3:$CI$106,2,FALSE),0) -> 0 | D26: =IF('КСО-204'!E41="","",'КСО-204'!E41) | E26: =IFERROR(VLOOKUP(D26,Прайсы!$CH$3:$CI$106,2,FALSE),0) -> 0 | F26: =IF('КСО-204'!F41="","",'КСО-204'!F41) | G26: =IFERROR(VLOOKUP(F26,Прайсы!$CH$3:$CI$106,2,FALSE),0) -> 0 | H26: =IF('КСО-204'!G41="","",'КСО-204'!G41) | I26: =IFERROR(VLOOKUP(H26,Прайсы!$CH$3:$CI$106,2,FALSE),0) -> 0 | J26: =IF('КСО-204'!H41="","",'КСО-204'!H41) | K26: =IFERROR(VLOOKUP(J26,Прайсы!$CH$3:$CI$106,2,FALSE),0) -> 0 | L26: =IF('КСО-204'!I41="","",'КСО-204'!I41) | M26: =IFERROR(VLOOKUP(L26,Прайсы!$CH$3:$CI$106,2,FALSE),0) -> 0 | N26: =IF('КСО-204'!J41="","",'КСО-204'!J41) | O26: =IFERROR(VLOOKUP(N26,Прайсы!$CH$3:$CI$106,2,FALSE),0) -> 0 | P26: =IF('КСО-204'!K41="","",'КСО-204'!K41) | Q26: =IFERROR(VLOOKUP(P26,Прайсы!$CH$3:$CI$106,2,FALSE),0) -> 0 | R26: =IF('КСО-204'!L41="","",'КСО-204'!L41) | S26: =IFERROR(VLOOKUP(R26,Прайсы!$CH$3:$CI$106,2,FALSE),0) -> 0 | T26: =IF('КСО-204'!M41="","",'КСО-204'!M41) | U26: =IFERROR(VLOOKUP(T26,Прайсы!$CH$3:$CI$106,2,FALSE),0) -> 0 | AT26: =VLOOKUP(Таблица13[[#This Row],[оборудование]],Таблица_Регистрация_2012_год.accdb_11[[Доп]:[Дата]],3,FALSE) -> #N/A | AU26: =VLOOKUP(Таблица13[[#This Row],[оборудование2]],Таблица_Регистрация_2012_год.accdb_11[[Доп]:[Дата]],3,FALSE) -> #N/A | AV26: =VLOOKUP(Таблица13[[#This Row],[оборудование4]],Таблица_Регистрация_2012_год.accdb_11[[Доп]:[Дата]],3,FALSE) -> #N/A | AW26: =VLOOKUP(Таблица13[[#This Row],[оборудование6]],Таблица_Регистрация_2012_год.accdb_11[[Доп]:[Дата]],3,FALSE) -> #N/A | AX26: =VLOOKUP(Таблица13[[#This Row],[оборудование8]],Таблица_Регистрация_2012_год.accdb_11[[Доп]:[Дата]],3,FALSE) -> #N/A | AY26: =VLOOKUP(Таблица13[[#This Row],[оборудование10]],Таблица_Регистрация_2012_год.accdb_11[[Доп]:[Дата]],3,FALSE) -> #N/A | AZ26: =VLOOKUP(Таблица13[[#This Row],[оборудование12]],Таблица_Регистрация_2012_год.accdb_11[[Доп]:[Дата]],3,FALSE) -> #N/A | BA26: =VLOOKUP(Таблица13[[#This Row],[оборудование14]],Таблица_Регистрация_2012_год.accdb_11[[Доп]:[Дата]],3,FALSE) -> #N/A | BB26: =VLOOKUP(Таблица13[[#This Row],[оборудование16]],Таблица_Регистрация_2012_год.accdb_11[[Доп]:[Дата]],3,FALSE) -> #N/A | BC26: =VLOOKUP(Таблица13[[#This Row],[оборудование18]],Таблица_Регистрация_2012_год.accdb_11[[Доп]:[Дата]],3,FALSE) -> #N/A
B27: =IF('КСО-204'!D42="","",'КСО-204'!D42) | C27: =IF(B27="",0,(B27-1)*C28) -> 0 | D27: =IF('КСО-204'!E42="","",'КСО-204'!E42) | E27: =IF(D27="",0,(D27-1)*E28) -> 0 | F27: =IF('КСО-204'!F42="","",'КСО-204'!F42) | G27: =IF(F27="",0,(F27-1)*G28) -> 0 | H27: =IF('КСО-204'!G42="","",'КСО-204'!G42) | I27: =IF(H27="",0,(H27-1)*I28) -> 0 | J27: =IF('КСО-204'!H42="","",'КСО-204'!H42) | K27: =IF(J27="",0,(J27-1)*K28) -> 0 | L27: =IF('КСО-204'!I42="","",'КСО-204'!I42) | M27: =IF(L27="",0,(L27-1)*M28) -> 0 | N27: =IF('КСО-204'!J42="","",'КСО-204'!J42) | O27: =IF(N27="",0,(N27-1)*O28) -> 0 | P27: =IF('КСО-204'!K42="","",'КСО-204'!K42) | Q27: =IF(P27="",0,(P27-1)*Q28) -> 0 | R27: =IF('КСО-204'!L42="","",'КСО-204'!L42) | S27: =IF(R27="",0,(R27-1)*S28) -> 0 | T27: =IF('КСО-204'!M42="","",'КСО-204'!M42) | U27: =IF(T27="",0,(T27-1)*U28) -> 0
B28: =IF('КСО-204'!D43="","",'КСО-204'!D43) | C28: =IFERROR(VLOOKUP(B28,Прайсы!$CH$3:$CI$106,2,FALSE),0) -> 0 | D28: =IF('КСО-204'!E43="","",'КСО-204'!E43) | E28: =IFERROR(VLOOKUP(D28,Прайсы!$CH$3:$CI$106,2,FALSE),0) -> 0 | F28: =IF('КСО-204'!F43="","",'КСО-204'!F43) | G28: =IFERROR(VLOOKUP(F28,Прайсы!$CH$3:$CI$106,2,FALSE),0) -> 0 | H28: =IF('КСО-204'!G43="","",'КСО-204'!G43) | I28: =IFERROR(VLOOKUP(H28,Прайсы!$CH$3:$CI$106,2,FALSE),0) -> 0 | J28: =IF('КСО-204'!H43="","",'КСО-204'!H43) | K28: =IFERROR(VLOOKUP(J28,Прайсы!$CH$3:$CI$106,2,FALSE),0) -> 0 | L28: =IF('КСО-204'!I43="","",'КСО-204'!I43) | M28: =IFERROR(VLOOKUP(L28,Прайсы!$CH$3:$CI$106,2,FALSE),0) -> 0 | N28: =IF('КСО-204'!J43="","",'КСО-204'!J43) | O28: =IFERROR(VLOOKUP(N28,Прайсы!$CH$3:$CI$106,2,FALSE),0) -> 0 | P28: =IF('КСО-204'!K43="","",'КСО-204'!K43) | Q28: =IFERROR(VLOOKUP(P28,Прайсы!$CH$3:$CI$106,2,FALSE),0) -> 0 | R28: =IF('КСО-204'!L43="","",'КСО-204'!L43) | S28: =IFERROR(VLOOKUP(R28,Прайсы!$CH$3:$CI$106,2,FALSE),0) -> 0 | T28: =IF('КСО-204'!M43="","",'КСО-204'!M43) | U28: =IFERROR(VLOOKUP(T28,Прайсы!$CH$3:$CI$106,2,FALSE),0) -> 0 | AT28: =VLOOKUP(Таблица13[[#This Row],[оборудование]],Таблица_Регистрация_2012_год.accdb_11[[Доп]:[Дата]],3,FALSE) -> #N/A | AU28: =VLOOKUP(Таблица13[[#This Row],[оборудование2]],Таблица_Регистрация_2012_год.accdb_11[[Доп]:[Дата]],3,FALSE) -> #N/A | AV28: =VLOOKUP(Таблица13[[#This Row],[оборудование4]],Таблица_Регистрация_2012_год.accdb_11[[Доп]:[Дата]],3,FALSE) -> #N/A | AW28: =VLOOKUP(Таблица13[[#This Row],[оборудование6]],Таблица_Регистрация_2012_год.accdb_11[[Доп]:[Дата]],3,FALSE) -> #N/A | AX28: =VLOOKUP(Таблица13[[#This Row],[оборудование8]],Таблица_Регистрация_2012_год.accdb_11[[Доп]:[Дата]],3,FALSE) -> #N/A | AY28: =VLOOKUP(Таблица13[[#This Row],[оборудование10]],Таблица_Регистрация_2012_год.accdb_11[[Доп]:[Дата]],3,FALSE) -> #N/A | AZ28: =VLOOKUP(Таблица13[[#This Row],[оборудование12]],Таблица_Регистрация_2012_год.accdb_11[[Доп]:[Дата]],3,FALSE) -> #N/A | BA28: =VLOOKUP(Таблица13[[#This Row],[оборудование14]],Таблица_Регистрация_2012_год.accdb_11[[Доп]:[Дата]],3,FALSE) -> #N/A | BB28: =VLOOKUP(Таблица13[[#This Row],[оборудование16]],Таблица_Регистрация_2012_год.accdb_11[[Доп]:[Дата]],3,FALSE) -> #N/A | BC28: =VLOOKUP(Таблица13[[#This Row],[оборудование18]],Таблица_Регистрация_2012_год.accdb_11[[Доп]:[Дата]],3,FALSE) -> #N/A
B29: =IF('КСО-204'!D15="","",'КСО-204'!D15) -> Линия | C29: 7ВВ | D29: =IF('КСО-204'!E15="","",'КСО-204'!E15) -> Линия | E29: 7ВВ | F29: =IF('КСО-204'!F15="","",'КСО-204'!F15) -> Ввод | G29: 7ВВ | H29: =IF('КСО-204'!G15="","",'КСО-204'!G15) -> ТСН | I29: 15-400 | J29: =IF('КСО-204'!H15="","",'КСО-204'!H15) -> ТН | K29: 13-400 | L29: =IF('КСО-204'!I15="","",'КСО-204'!I15) -> СВ | M29: 3ВВ | N29: =IF('КСО-204'!J15="","",'КСО-204'!J15) -> СР | O29: 24-1000 | P29: =IF('КСО-204'!K15="","",'КСО-204'!K15) | Q29: =VLOOKUP(AE39,$B$59:$C$107,2,FALSE) -> #N/A | R29: =IF('КСО-204'!L15="","",'КСО-204'!L15) | S29: =VLOOKUP(AF39,$B$59:$C$107,2,FALSE) -> #N/A | T29: =IF('КСО-204'!M15="","",'КСО-204'!M15) | U29: =VLOOKUP(AG39,$B$59:$C$107,2,FALSE) -> #N/A
A30: =B30 -> Корпус КСО-204 | B30: =CONCATENATE("Корпус ", 'КСО-204'!D$10) -> Корпус КСО-204 | C30: =VLOOKUP(B30,Таблица_Регистрация_2012_год.accdb_12[[Накладные]:[Цена]],2,FALSE) -> 37680 | D30: =CONCATENATE("Корпус ", 'КСО-204'!E$10) -> Корпус КСО-204 | E30: =VLOOKUP(D30,Таблица_Регистрация_2012_год.accdb_12[[Накладные]:[Цена]],2,FALSE) -> 37680 | F30: =CONCATENATE("Корпус ", 'КСО-204'!F$10) -> Корпус КСО-204 | G30: =VLOOKUP(F30,Таблица_Регистрация_2012_год.accdb_12[[Накладные]:[Цена]],2,FALSE) -> 37680 | H30: =CONCATENATE("Корпус ", 'КСО-204'!G$10) -> Корпус КСО-204 | I30: =VLOOKUP(H30,Таблица_Регистрация_2012_год.accdb_12[[Накладные]:[Цена]],2,FALSE) -> 37680 | J30: =CONCATENATE("Корпус ", 'КСО-204'!H$10) -> Корпус КСО-204 | K30: =VLOOKUP(J30,Таблица_Регистрация_2012_год.accdb_12[[Накладные]:[Цена]],2,FALSE) -> 37680 | L30: =CONCATENATE("Корпус ", 'КСО-204'!I$10) -> Корпус КСО-204 | M30: =VLOOKUP(L30,Таблица_Регистрация_2012_год.accdb_12[[Накладные]:[Цена]],2,FALSE) -> 37680 | N30: =CONCATENATE("Корпус ", 'КСО-204'!J$10) -> Корпус КСО-204 | O30: =VLOOKUP(N30,Таблица_Регистрация_2012_год.accdb_12[[Накладные]:[Цена]],2,FALSE) -> 37680 | P30: =CONCATENATE("Корпус ", 'КСО-204'!K$10) -> Корпус | Q30: =VLOOKUP(P30,Таблица_Регистрация_2012_год.accdb_12[[Накладные]:[Цена]],2,FALSE) -> #N/A | R30: =CONCATENATE("Корпус ", 'КСО-204'!L$10) -> Корпус | S30: =VLOOKUP(R30,Таблица_Регистрация_2012_год.accdb_12[[Накладные]:[Цена]],2,FALSE) -> #N/A | T30: =CONCATENATE("Корпус ", 'КСО-204'!M$10) -> Корпус | U30: =VLOOKUP(T30,Таблица_Регистрация_2012_год.accdb_12[[Накладные]:[Цена]],2,FALSE) -> #N/A | AX30: кол-во дней цене
A31: =B31 -> ФОТ КСО-204 | B31: =CONCATENATE("ФОТ ", 'КСО-204'!D$10) -> ФОТ КСО-204 | C31: =IF(C34*C41>C43,C43,C34*C41) -> 64809.36 | D31: =CONCATENATE("ФОТ ", 'КСО-204'!E$10) -> ФОТ КСО-204 | E31: =IF(E34*E41>E43,E43,E34*E41) -> 64809.36 | F31: =CONCATENATE("ФОТ ", 'КСО-204'!F$10) -> ФОТ КСО-204 | G31: =IF(G34*G41>G43,G43,G34*G41) -> 64809.36 | H31: =CONCATENATE("ФОТ ", 'КСО-204'!G$10) -> ФОТ КСО-204 | I31: =IF(I34*I41>I43,I43,I34*I41) -> 62311.83 | J31: =CONCATENATE("ФОТ ", 'КСО-204'!H$10) -> ФОТ КСО-204 | K31: =IF(K34*K41>K43,K43,K34*K41) -> 55134.45 | L31: =CONCATENATE("ФОТ ", 'КСО-204'!I$10) -> ФОТ КСО-204 | M31: =IF(M34*M41>M43,M43,M34*M41) -> 64809.36 | N31: =CONCATENATE("ФОТ ", 'КСО-204'!J$10) -> ФОТ КСО-204 | O31: =IF(O34*O41>O43,O43,O34*O41) -> 16735.53 | P31: =CONCATENATE("ФОТ ", 'КСО-204'!K$10) -> ФОТ | Q31: =IF(Q34*Q41>Q43,Q43,Q34*Q41) -> #N/A | R31: =CONCATENATE("ФОТ ", 'КСО-204'!L$10) -> ФОТ | S31: =IF(S34*S41>S43,S43,S34*S41) -> #N/A | T31: =CONCATENATE("ФОТ ", 'КСО-204'!M$10) -> ФОТ | U31: =IF(U34*U41>U43,U43,U34*U41) -> #N/A | AT31: =IFERROR(TODAY()-AT2,0) -> 720 | AU31: =IFERROR(TODAY()-AU2,0) -> 720 | AV31: =IFERROR(TODAY()-AV2,0) -> 720 | AW31: =IFERROR(TODAY()-AW2,0) -> 720 | AX31: =IFERROR(TODAY()-AX2,0) -> 720 | AY31: =IFERROR(TODAY()-AY2,0) -> 720 | AZ31: =IFERROR(TODAY()-AZ2,0) -> 720 | BA31: =IFERROR(TODAY()-BA2,0) -> 0 | ... BC31: =IFERROR(TODAY()-BC2,0) -> 0
A32: =B32 -> Накладные КСО-204 Линия | B32: =CONCATENATE("Накладные ",'КСО-204'!D$10, " ",B$29) -> Накладные КСО-204 Линия | C32: =IF(C31*C40>C42,C42,C31*C40) -> 103694.98 | D32: =CONCATENATE("Накладные ",'КСО-204'!E$10, " ",D$29) -> Накладные КСО-204 Линия | E32: =IF(E31*E40>E42,E42,E31*E40) -> 103694.98 | F32: =CONCATENATE("Накладные ",'КСО-204'!F$10, " ",F$29) -> Накладные КСО-204 Ввод | G32: =IF(G31*G40>G42,G42,G31*G40) -> 103694.98 | H32: =CONCATENATE("Накладные ",'КСО-204'!G$10, " ",H$29) -> Накладные КСО-204 ТСН | I32: =IF(I31*I40>I42,I42,I31*I40) -> 99698.928 | J32: =CONCATENATE("Накладные ",'КСО-204'!H$10, " ",J$29) -> Накладные КСО-204 ТН | K32: =IF(K31*K40>K42,K42,K31*K40) -> 88215.12 | L32: =CONCATENATE("Накладные ",'КСО-204'!I$10, " ",L$29) -> Накладные КСО-204 СВ | M32: =IF(M31*M40>M42,M42,M31*M40) -> 103694.98 | N32: =CONCATENATE("Накладные ",'КСО-204'!J$10, " ",N$29) -> Накладные КСО-204 СР | O32: =IF(O31*O40>O42,O42,O31*O40) -> 26776.848 | P32: =CONCATENATE("Накладные ",'КСО-204'!K$10, " ",P$29) -> Накладные | Q32: =IF(Q31*Q40>Q42,Q42,Q31*Q40) -> #N/A | R32: =CONCATENATE("Накладные ",'КСО-204'!L$10, " ",R$29) -> Накладные | S32: =IF(S31*S40>S42,S42,S31*S40) -> #N/A | T32: =CONCATENATE("Накладные ",'КСО-204'!M$10, " ",T$29) -> Накладные | U32: =IF(U31*U40>U42,U42,U31*U40) -> #N/A | AT32: =IFERROR(TODAY()-AT3,0) -> 750 | AU32: =IFERROR(TODAY()-AU3,0) -> 750 | AV32: =IFERROR(TODAY()-AV3,0) -> 750 | AW32: =IFERROR(TODAY()-AW3,0) -> 0 | AX32: =IFERROR(TODAY()-AX3,0) -> 0 | AY32: =IFERROR(TODAY()-AY3,0) -> 750 | AZ32: =IFERROR(TODAY()-AZ3,0) -> 0 | BA32: =IFERROR(TODAY()-BA3,0) -> 0 | ... BC32: =IFERROR(TODAY()-BC3,0) -> 0
A33: 0.1 | C33: =$A$33 | E33: =$A$33 | G33: =$A$33 | I33: =$A$33 | K33: =$A$33 | M33: =$A$33 | O33: =$A$33 | Q33: =$A$33 | S33: =$A$33 | U33: =$A$33 | AT33: =IFERROR(TODAY()-AT4,0) -> 750 | AU33: =IFERROR(TODAY()-AU4,0) -> 750 | AV33: =IFERROR(TODAY()-AV4,0) -> 750 | AW33: =IFERROR(TODAY()-AW4,0) -> 0 | AX33: =IFERROR(TODAY()-AX4,0) -> 0 | AY33: =IFERROR(TODAY()-AY4,0) -> 750 | AZ33: =IFERROR(TODAY()-AZ4,0) -> 0 | BA33: =IFERROR(TODAY()-BA4,0) -> 0 | ... BC33: =IFERROR(TODAY()-BC4,0) -> 0
A34: =B34 -> комплектация | B34: комплектация | C34: =IF(B29="",0,SUM(C2:C28)+C30+$B$38) -> 409844 | D34: =E34 -> 409844 | E34: =IF(D29="",0,SUM(E2:E28)+E30+$B$38) -> 409844 | F34: =G34 -> 418628 | G34: =IF(F29="",0,SUM(G2:G28)+G30+$B$38) -> 418628 | H34: =I34 -> 296723 | I34: =IF(H29="",0,SUM(I2:I28)+I30+$B$38) -> 296723 | J34: =K34 -> 262545 | K34: =IF(J29="",0,SUM(K2:K28)+K30+$B$38) -> 262545 | L34: =M34 -> 374620 | M34: =IF(L29="",0,SUM(M2:M28)+M30+$B$38) -> 374620 | N34: =O34 -> 79693 | O34: =IF(N29="",0,SUM(O2:O28)+O30+$B$38) -> 79693 | P34: =Q34 -> 0 | Q34: =IF(P29="",0,SUM(Q2:Q28)+Q30+$B$38) -> 0 | R34: =S34 -> 0 | S34: =IF(R29="",0,SUM(S2:S28)+S30+$B$38) -> 0 | T34: =U34 -> 0 | U34: =IF(T29="",0,SUM(U2:U28)+U30+$B$38) -> 0 | AT34: =IFERROR(TODAY()-AT5,0) -> 373 | AU34: =IFERROR(TODAY()-AU5,0) -> 373 | AV34: =IFERROR(TODAY()-AV5,0) -> 373 | AW34: =IFERROR(TODAY()-AW5,0) -> 0 | AX34: =IFERROR(TODAY()-AX5,0) -> 373 | AY34: =IFERROR(TODAY()-AY5,0) -> 373 | AZ34: =IFERROR(TODAY()-AZ5,0) -> 0 | BA34: =IFERROR(TODAY()-BA5,0) -> 0 | ... BC34: =IFERROR(TODAY()-BC5,0) -> 0
A35: =#REF! -> #REF! | B35: цена | C35: =ROUND(IF(C34=0,0,SUM(C34,C31,C32)*(1+C33)),0) -> 636183 | D35: цена | E35: =ROUND(IF(E34=0,0,SUM(E34,E31,E32)*(1+E33)),0) -> 636183 | F35: цена | G35: =ROUND(IF(G34=0,0,SUM(G34,G31,G32)*(1+G33)),0) -> 645846 | H35: цена | I35: =ROUND(IF(I34=0,0,SUM(I34,I31,I32)*(1+I33)),0) -> 504607 | J35: цена | K35: =ROUND(IF(K34=0,0,SUM(K34,K31,K32)*(1+K33)),0) -> 446484 | L35: цена | M35: =ROUND(IF(M34=0,0,SUM(M34,M31,M32)*(1+M33)),0) -> 597437 | N35: цена | O35: =ROUND(IF(O34=0,0,SUM(O34,O31,O32)*(1+O33)),0) -> 135526 | P35: цена | Q35: =ROUND(IF(Q34=0,0,SUM(Q34,Q31,Q32)*(1+Q33)),0) -> 0 | R35: цена | S35: =ROUND(IF(S34=0,0,SUM(S34,S31,S32)*(1+S33)),0) -> 0 | T35: цена | U35: =ROUND(IF(U34=0,0,SUM(U34,U31,U32)*(1+U33)),0) -> 0
A36: =B36 -> описание | B36: описание | C36: =CONCATENATE(IF(C37<>"",C37,""),MID(B31,5,LEN(B31))," сх",C29,"-",B29,IF(MID(B31,5,LEN(B31))="КСО-211","",IF(B2<>"",CONCATENATE(", ",CHAR(10),IF('Сводная информация'!$J$2=0,"","Шинный разъединитель: "),B2),"")),IF(B3<>"",CONCATENATE(", ",CHAR(10),IF('Сводная информация'!$J$2=0,"","Вакуумный выключатель: "),B3),""),IF(B4<>"",CONCATENATE(", ",CHAR(10),IF('Сводная информация'!$J$2=0,"","Блок управления: "),B4),""),IF(B5<>"",CONCATENATE(", ",CHAR(10),IF('Сводная информация'!$J$2=0,"","Микропроцессорная защита: "),B5),""),IF(B6<>"",CONCATENATE(", ",CHAR(10),IF('Сводная информация'!$J$2=0,"","Трансформаторы тока: "),B6,"х"),""),IF(B7<>"",CONCATENATE(B7),""),IF(B8<>"",CONCATENATE(", ",CHAR(10),IF('Сводная информация'!$J$2=0,"","Линейный разъединитель: "),B8),""),IF(B9<>"",CONCATENATE(", ",CHAR(10),IF('Сводная информация'!$J$2=0,"","Прибор учёта: "),B9),""),IF(B10<>"",CONCATENATE(", ",CHAR(10),IF('Сводная информация'!$J$2=0,"","Трансформатор напряжения: "),B10),""),IF(B11<>"",CONCATENATE(", ",CHAR(10),IF('Сводная информация'!$J$2=0,"","Трансформатор собственных нужд: "),B11),""),IF(B12<>"",CONCATENATE(", ",CHAR(10),B12),""),IF(B13<>"",CONCATENATE(", ",CHAR(10),IF('Сводная информация'!$J$2=0,"","Ограничитель перенапряжения: "),"3х",B13),""),IF(B14<>"",CONCATENATE(", ",CHAR(10),B14),""),IF(B15<>"",CONCATENATE(", ",CHAR(10),B15),""),IF(B16<>"",CONCATENATE(", ",CHAR(10),IF('Сводная информация'!$J$2=0,"","Трансформатор тока нулевой последовательности: "),B16),""),IF(B17<>"",CONCATENATE(", ",CHAR(10),B17,"х",B18),""),IF(B19<>"",CONCATENATE(", ",CHAR(10),B19,"х",B20),""),IF(B21<>"",CONCATENATE(", ",CHAR(10),B21,"х",B22),""),IF(B24<>"",CONCATENATE(", ",CHAR(10),B23,"х",B24),""),IF(B26<>"",CONCATENATE(", ",CHAR(10),B25,"х",B26),""),IF(B28<>"",CONCATENATE(", ",CHAR(10),B27,"х",B28),"")) -> КСО-204 сх7ВВ-Линия, Шинный разъединитель: РВФЗ-10/1000, Вакуумный выключатель: VM12-10-20/1000, Блок управления: CVM 1.2 ВЕАШ468389.001-01, Микропроцессорная защита: АГАТ 200. А, Трансформаторы тока: 3хТПЛ-10 200/5 0,5S/10P, Линейный разъединитель: РВЗ-10/1000, Прибор учёта: Меркурий 234 АRTM(Х)2-00 (D)PBR.G, Трансформатор тока нулевой последовательности: ТЗЛМ-1 | D36: =E36 -> КСО-204 сх7ВВ-Линия, Шинный разъединитель: РВФЗ-10/1000, Вакуумный выключатель: VM12-10-20/1000, Блок управления: CVM 1.2 ВЕАШ468389.001-01, Микропроцессорная защита: АГАТ 200. А, Трансформаторы тока: 3хТПЛ-10 600/5 0,5S/10P, Линейный разъединитель: РВЗ-10/1000, Прибор учёта: Меркурий 234 АRTM(Х)2-00 (D)PBR.G, Трансформатор тока нулевой последовательности: ТЗЛМ-1 | E36: =CONCATENATE(IF(E37<>"",E37,""),MID(D31,5,LEN(D31))," сх",E29,"-",D29,IF(MID(D31,5,LEN(D31))="КСО-211","",IF(D2<>"",CONCATENATE(", ",CHAR(10),IF('Сводная информация'!$J$2=0,"","Шинный разъединитель: "),D2),"")),IF(D3<>"",CONCATENATE(", ",CHAR(10),IF('Сводная информация'!$J$2=0,"","Вакуумный выключатель: "),D3),""),IF(D4<>"",CONCATENATE(", ",CHAR(10),IF('Сводная информация'!$J$2=0,"","Блок управления: "),D4),""),IF(D5<>"",CONCATENATE(", ",CHAR(10),IF('Сводная информация'!$J$2=0,"","Микропроцессорная защита: "),D5),""),IF(D6<>"",CONCATENATE(", ",CHAR(10),IF('Сводная информация'!$J$2=0,"","Трансформаторы тока: "),D6,"х"),""),IF(D7<>"",CONCATENATE(D7),""),IF(D8<>"",CONCATENATE(", ",CHAR(10),IF('Сводная информация'!$J$2=0,"","Линейный разъединитель: "),D8),""),IF(D9<>"",CONCATENATE(", ",CHAR(10),IF('Сводная информация'!$J$2=0,"","Прибор учёта: "),D9),""),IF(D10<>"",CONCATENATE(", ",CHAR(10),IF('Сводная информация'!$J$2=0,"","Трансформатор напряжения: "),D10),""),IF(D11<>"",CONCATENATE(", ",CHAR(10),IF('Сводная информация'!$J$2=0,"","Трансформатор собственных нужд: "),D11),""),IF(D12<>"",CONCATENATE(", ",CHAR(10),D12),""),IF(D13<>"",CONCATENATE(", ",CHAR(10),IF('Сводная информация'!$J$2=0,"","Ограничитель перенапряжения: "),"3х",D13),""),IF(D14<>"",CONCATENATE(", ",CHAR(10),D14),""),IF(D15<>"",CONCATENATE(", ",CHAR(10),D15),""),IF(D16<>"",CONCATENATE(", ",CHAR(10),IF('Сводная информация'!$J$2=0,"","Трансформатор тока нулевой последовательности: "),D16),""),IF(D17<>"",CONCATENATE(", ",CHAR(10),D17,"х",D18),""),IF(D19<>"",CONCATENATE(", ",CHAR(10),D19,"х",D20),""),IF(D21<>"",CONCATENATE(", ",CHAR(10),D21,"х",D22),""),IF(D24<>"",CONCATENATE(", ",CHAR(10),D23,"х",D24),""),IF(D26<>"",CONCATENATE(", ",CHAR(10),D25,"х",D26),""),IF(D28<>"",CONCATENATE(", ",CHAR(10),D27,"х",D28),"")) -> КСО-204 сх7ВВ-Линия, Шинный разъединитель: РВФЗ-10/1000, Вакуумный выключатель: VM12-10-20/1000, Блок управления: CVM 1.2 ВЕАШ468389.001-01, Микропроцессорная защита: АГАТ 200. А, Трансформаторы тока: 3хТПЛ-10 600/5 0,5S/10P, Линейный разъединитель: РВЗ-10/1000, Прибор учёта: Меркурий 234 АRTM(Х)2-00 (D)PBR.G, Трансформатор тока нулевой последовательности: ТЗЛМ-1 | F36: =G36 -> КСО-204 сх7ВВ-Ввод, Шинный разъединитель: РВФЗ-10/1000, Вакуумный выключатель: VM12-10-20/1000, Блок управления: CVM 1.2 ВЕАШ468389.001-01, Микропроцессорная защита: АГАТ 200. АВ, Трансформаторы тока: 3хТПЛ-10 1000/5 0,5S/10P, Линейный разъединитель: РВЗ-10/1000, Прибор учёта: Меркурий 234 АRTM(Х)2-00 (D)PBR.G, Ограничитель перенапряжения: 3хОПН-П-6/7.2/10/550 | G36: =CONCATENATE(IF(G37<>"",G37,""),MID(F31,5,LEN(F31))," сх",G29,"-",F29,IF(MID(F31,5,LEN(F31))="КСО-211","",IF(F2<>"",CONCATENATE(", ",CHAR(10),IF('Сводная информация'!$J$2=0,"","Шинный разъединитель: "),F2),"")),IF(F3<>"",CONCATENATE(", ",CHAR(10),IF('Сводная информация'!$J$2=0,"","Вакуумный выключатель: "),F3),""),IF(F4<>"",CONCATENATE(", ",CHAR(10),IF('Сводная информация'!$J$2=0,"","Блок управления: "),F4),""),IF(F5<>"",CONCATENATE(", ",CHAR(10),IF('Сводная информация'!$J$2=0,"","Микропроцессорная защита: "),F5),""),IF(F6<>"",CONCATENATE(", ",CHAR(10),IF('Сводная информация'!$J$2=0,"","Трансформаторы тока: "),F6,"х"),""),IF(F7<>"",CONCATENATE(F7),""),IF(F8<>"",CONCATENATE(", ",CHAR(10),IF('Сводная информация'!$J$2=0,"","Линейный разъединитель: "),F8),""),IF(F9<>"",CONCATENATE(", ",CHAR(10),IF('Сводная информация'!$J$2=0,"","Прибор учёта: "),F9),""),IF(F10<>"",CONCATENATE(", ",CHAR(10),IF('Сводная информация'!$J$2=0,"","Трансформатор напряжения: "),F10),""),IF(F11<>"",CONCATENATE(", ",CHAR(10),IF('Сводная информация'!$J$2=0,"","Трансформатор собственных нужд: "),F11),""),IF(F12<>"",CONCATENATE(", ",CHAR(10),F12),""),IF(F13<>"",CONCATENATE(", ",CHAR(10),IF('Сводная информация'!$J$2=0,"","Ограничитель перенапряжения: "),"3х",F13),""),IF(F14<>"",CONCATENATE(", ",CHAR(10),F14),""),IF(F15<>"",CONCATENATE(", ",CHAR(10),F15),""),IF(F16<>"",CONCATENATE(", ",CHAR(10),IF('Сводная информация'!$J$2=0,"","Трансформатор тока нулевой последовательности: "),F16),""),IF(F17<>"",CONCATENATE(", ",CHAR(10),F17,"х",F18),""),IF(F19<>"",CONCATENATE(", ",CHAR(10),F19,"х",F20),""),IF(F21<>"",CONCATENATE(", ",CHAR(10),F21,"х",F22),""),IF(F24<>"",CONCATENATE(", ",CHAR(10),F23,"х",F24),""),IF(F26<>"",CONCATENATE(", ",CHAR(10),F25,"х",F26),""),IF(F28<>"",CONCATENATE(", ",CHAR(10),F27,"х",F28),"")) -> КСО-204 сх7ВВ-Ввод, Шинный разъединитель: РВФЗ-10/1000, Вакуумный выключатель: VM12-10-20/1000, Блок управления: CVM 1.2 ВЕАШ468389.001-01, Микропроцессорная защита: АГАТ 200. АВ, Трансформаторы тока: 3хТПЛ-10 1000/5 0,5S/10P, Линейный разъединитель: РВЗ-10/1000, Прибор учёта: Меркурий 234 АRTM(Х)2-00 (D)PBR.G, Ограничитель перенапряжения: 3хОПН-П-6/7.2/10/550 | H36: =I36 -> КСО-204 сх15-400-ТСН, Шинный разъединитель: РВФЗ-10/1000, Трансформатор собственных нужд: ТЛС-25, 3хПатрон ПТ | I36: =CONCATENATE(IF(I37<>"",I37,""),MID(H31,5,LEN(H31))," сх",I29,"-",H29,IF(MID(H31,5,LEN(H31))="КСО-211","",IF(H2<>"",CONCATENATE(", ",CHAR(10),IF('Сводная информация'!$J$2=0,"","Шинный разъединитель: "),H2),"")),IF(H3<>"",CONCATENATE(", ",CHAR(10),IF('Сводная информация'!$J$2=0,"","Вакуумный выключатель: "),H3),""),IF(H4<>"",CONCATENATE(", ",CHAR(10),IF('Сводная информация'!$J$2=0,"","Блок управления: "),H4),""),IF(H5<>"",CONCATENATE(", ",CHAR(10),IF('Сводная информация'!$J$2=0,"","Микропроцессорная защита: "),H5),""),IF(H6<>"",CONCATENATE(", ",CHAR(10),IF('Сводная информация'!$J$2=0,"","Трансформаторы тока: "),H6,"х"),""),IF(H7<>"",CONCATENATE(H7),""),IF(H8<>"",CONCATENATE(", ",CHAR(10),IF('Сводная информация'!$J$2=0,"","Линейный разъединитель: "),H8),""),IF(H9<>"",CONCATENATE(", ",CHAR(10),IF('Сводная информация'!$J$2=0,"","Прибор учёта: "),H9),""),IF(H10<>"",CONCATENATE(", ",CHAR(10),IF('Сводная информация'!$J$2=0,"","Трансформатор напряжения: "),H10),""),IF(H11<>"",CONCATENATE(", ",CHAR(10),IF('Сводная информация'!$J$2=0,"","Трансформатор собственных нужд: "),H11),""),IF(H12<>"",CONCATENATE(", ",CHAR(10),H12),""),IF(H13<>"",CONCATENATE(", ",CHAR(10),IF('Сводная информация'!$J$2=0,"","Ограничитель перенапряжения: "),"3х",H13),""),IF(H14<>"",CONCATENATE(", ",CHAR(10),H14),""),IF(H15<>"",CONCATENATE(", ",CHAR(10),H15),""),IF(H16<>"",CONCATENATE(", ",CHAR(10),IF('Сводная информация'!$J$2=0,"","Трансформатор тока нулевой последовательности: "),H16),""),IF(H17<>"",CONCATENATE(", ",CHAR(10),H17,"х",H18),""),IF(H19<>"",CONCATENATE(", ",CHAR(10),H19,"х",H20),""),IF(H21<>"",CONCATENATE(", ",CHAR(10),H21,"х",H22),""),IF(H24<>"",CONCATENATE(", ",CHAR(10),H23,"х",H24),""),IF(H26<>"",CONCATENATE(", ",CHAR(10),H25,"х",H26),""),IF(H28<>"",CONCATENATE(", ",CHAR(10),H27,"х",H28),"")) -> КСО-204 сх15-400-ТСН, Шинный разъединитель: РВФЗ-10/1000, Трансформатор собственных нужд: ТЛС-25, 3хПатрон ПТ | J36: =K36 -> КСО-204 сх13-400-ТН, Шинный разъединитель: РВФЗ-10/1000, Микропроцессорная защита: АГАТ 200. В, Линейный разъединитель: ЗР-10, Трансформатор напряжения: НАМИТ-6, Ограничитель перенапряжения: 3хОПН-П-6/7.2/10/550 | K36: =CONCATENATE(IF(K37<>"",K37,""),MID(J31,5,LEN(J31))," сх",K29,"-",J29,IF(MID(J31,5,LEN(J31))="КСО-211","",IF(J2<>"",CONCATENATE(", ",CHAR(10),IF('Сводная информация'!$J$2=0,"","Шинный разъединитель: "),J2),"")),IF(J3<>"",CONCATENATE(", ",CHAR(10),IF('Сводная информация'!$J$2=0,"","Вакуумный выключатель: "),J3),""),IF(J4<>"",CONCATENATE(", ",CHAR(10),IF('Сводная информация'!$J$2=0,"","Блок управления: "),J4),""),IF(J5<>"",CONCATENATE(", ",CHAR(10),IF('Сводная информация'!$J$2=0,"","Микропроцессорная защита: "),J5),""),IF(J6<>"",CONCATENATE(", ",CHAR(10),IF('Сводная информация'!$J$2=0,"","Трансформаторы тока: "),J6,"х"),""),IF(J7<>"",CONCATENATE(J7),""),IF(J8<>"",CONCATENATE(", ",CHAR(10),IF('Сводная информация'!$J$2=0,"","Линейный разъединитель: "),J8),""),IF(J9<>"",CONCATENATE(", ",CHAR(10),IF('Сводная информация'!$J$2=0,"","Прибор учёта: "),J9),""),IF(J10<>"",CONCATENATE(", ",CHAR(10),IF('Сводная информация'!$J$2=0,"","Трансформатор напряжения: "),J10),""),IF(J11<>"",CONCATENATE(", ",CHAR(10),IF('Сводная информация'!$J$2=0,"","Трансформатор собственных нужд: "),J11),""),IF(J12<>"",CONCATENATE(", ",CHAR(10),J12),""),IF(J13<>"",CONCATENATE(", ",CHAR(10),IF('Сводная информация'!$J$2=0,"","Ограничитель перенапряжения: "),"3х",J13),""),IF(J14<>"",CONCATENATE(", ",CHAR(10),J14),""),IF(J15<>"",CONCATENATE(", ",CHAR(10),J15),""),IF(J16<>"",CONCATENATE(", ",CHAR(10),IF('Сводная информация'!$J$2=0,"","Трансформатор тока нулевой последовательности: "),J16),""),IF(J17<>"",CONCATENATE(", ",CHAR(10),J17,"х",J18),""),IF(J19<>"",CONCATENATE(", ",CHAR(10),J19,"х",J20),""),IF(J21<>"",CONCATENATE(", ",CHAR(10),J21,"х",J22),""),IF(J24<>"",CONCATENATE(", ",CHAR(10),J23,"х",J24),""),IF(J26<>"",CONCATENATE(", ",CHAR(10),J25,"х",J26),""),IF(J28<>"",CONCATENATE(", ",CHAR(10),J27,"х",J28),"")) -> КСО-204 сх13-400-ТН, Шинный разъединитель: РВФЗ-10/1000, Микропроцессорная защита: АГАТ 200. В, Линейный разъединитель: ЗР-10, Трансформатор напряжения: НАМИТ-6, Ограничитель перенапряжения: 3хОПН-П-6/7.2/10/550 | L36: =M36 -> КСО-204 сх3ВВ-СВ, Шинный разъединитель: РВФЗ-10/1000, Вакуумный выключатель: VM12-10-20/1000, Блок управления: CVM 1.2 ВЕАШ468389.001-01, Микропроцессорная защита: АГАТ 200. АВ, Трансформаторы тока: 3хТПЛ-10 800/5 0,5S/10P | M36: =CONCATENATE(IF(M37<>"",M37,""),MID(L31,5,LEN(L31))," сх",M29,"-",L29,IF(MID(L31,5,LEN(L31))="КСО-211","",IF(L2<>"",CONCATENATE(", ",CHAR(10),IF('Сводная информация'!$J$2=0,"","Шинный разъединитель: "),L2),"")),IF(L3<>"",CONCATENATE(", ",CHAR(10),IF('Сводная информация'!$J$2=0,"","Вакуумный выключатель: "),L3),""),IF(L4<>"",CONCATENATE(", ",CHAR(10),IF('Сводная информация'!$J$2=0,"","Блок управления: "),L4),""),IF(L5<>"",CONCATENATE(", ",CHAR(10),IF('Сводная информация'!$J$2=0,"","Микропроцессорная защита: "),L5),""),IF(L6<>"",CONCATENATE(", ",CHAR(10),IF('Сводная информация'!$J$2=0,"","Трансформаторы тока: "),L6,"х"),""),IF(L7<>"",CONCATENATE(L7),""),IF(L8<>"",CONCATENATE(", ",CHAR(10),IF('Сводная информация'!$J$2=0,"","Линейный разъединитель: "),L8),""),IF(L9<>"",CONCATENATE(", ",CHAR(10),IF('Сводная информация'!$J$2=0,"","Прибор учёта: "),L9),""),IF(L10<>"",CONCATENATE(", ",CHAR(10),IF('Сводная информация'!$J$2=0,"","Трансформатор напряжения: "),L10),""),IF(L11<>"",CONCATENATE(", ",CHAR(10),IF('Сводная информация'!$J$2=0,"","Трансформатор собственных нужд: "),L11),""),IF(L12<>"",CONCATENATE(", ",CHAR(10),L12),""),IF(L13<>"",CONCATENATE(", ",CHAR(10),IF('Сводная информация'!$J$2=0,"","Ограничитель перенапряжения: "),"3х",L13),""),IF(L14<>"",CONCATENATE(", ",CHAR(10),L14),""),IF(L15<>"",CONCATENATE(", ",CHAR(10),L15),""),IF(L16<>"",CONCATENATE(", ",CHAR(10),IF('Сводная информация'!$J$2=0,"","Трансформатор тока нулевой последовательности: "),L16),""),IF(L17<>"",CONCATENATE(", ",CHAR(10),L17,"х",L18),""),IF(L19<>"",CONCATENATE(", ",CHAR(10),L19,"х",L20),""),IF(L21<>"",CONCATENATE(", ",CHAR(10),L21,"х",L22),""),IF(L24<>"",CONCATENATE(", ",CHAR(10),L23,"х",L24),""),IF(L26<>"",CONCATENATE(", ",CHAR(10),L25,"х",L26),""),IF(L28<>"",CONCATENATE(", ",CHAR(10),L27,"х",L28),"")) -> КСО-204 сх3ВВ-СВ, Шинный разъединитель: РВФЗ-10/1000, Вакуумный выключатель: VM12-10-20/1000, Блок управления: CVM 1.2 ВЕАШ468389.001-01, Микропроцессорная защита: АГАТ 200. АВ, Трансформаторы тока: 3хТПЛ-10 800/5 0,5S/10P | N36: =O36 -> КСО-204 сх24-1000-СР, Шинный разъединитель: РВФЗ-10/1000 | O36: =CONCATENATE(IF(O37<>"",O37,""),MID(N31,5,LEN(N31))," сх",O29,"-",N29,IF(MID(N31,5,LEN(N31))="КСО-211","",IF(N2<>"",CONCATENATE(", ",CHAR(10),IF('Сводная информация'!$J$2=0,"","Шинный разъединитель: "),N2),"")),IF(N3<>"",CONCATENATE(", ",CHAR(10),IF('Сводная информация'!$J$2=0,"","Вакуумный выключатель: "),N3),""),IF(N4<>"",CONCATENATE(", ",CHAR(10),IF('Сводная информация'!$J$2=0,"","Блок управления: "),N4),""),IF(N5<>"",CONCATENATE(", ",CHAR(10),IF('Сводная информация'!$J$2=0,"","Микропроцессорная защита: "),N5),""),IF(N6<>"",CONCATENATE(", ",CHAR(10),IF('Сводная информация'!$J$2=0,"","Трансформаторы тока: "),N6,"х"),""),IF(N7<>"",CONCATENATE(N7),""),IF(N8<>"",CONCATENATE(", ",CHAR(10),IF('Сводная информация'!$J$2=0,"","Линейный разъединитель: "),N8),""),IF(N9<>"",CONCATENATE(", ",CHAR(10),IF('Сводная информация'!$J$2=0,"","Прибор учёта: "),N9),""),IF(N10<>"",CONCATENATE(", ",CHAR(10),IF('Сводная информация'!$J$2=0,"","Трансформатор напряжения: "),N10),""),IF(N11<>"",CONCATENATE(", ",CHAR(10),IF('Сводная информация'!$J$2=0,"","Трансформатор собственных нужд: "),N11),""),IF(N12<>"",CONCATENATE(", ",CHAR(10),N12),""),IF(N13<>"",CONCATENATE(", ",CHAR(10),IF('Сводная информация'!$J$2=0,"","Ограничитель перенапряжения: "),"3х",N13),""),IF(N14<>"",CONCATENATE(", ",CHAR(10),N14),""),IF(N15<>"",CONCATENATE(", ",CHAR(10),N15),""),IF(N16<>"",CONCATENATE(", ",CHAR(10),IF('Сводная информация'!$J$2=0,"","Трансформатор тока нулевой последовательности: "),N16),""),IF(N17<>"",CONCATENATE(", ",CHAR(10),N17,"х",N18),""),IF(N19<>"",CONCATENATE(", ",CHAR(10),N19,"х",N20),""),IF(N21<>"",CONCATENATE(", ",CHAR(10),N21,"х",N22),""),IF(N24<>"",CONCATENATE(", ",CHAR(10),N23,"х",N24),""),IF(N26<>"",CONCATENATE(", ",CHAR(10),N25,"х",N26),""),IF(N28<>"",CONCATENATE(", ",CHAR(10),N27,"х",N28),"")) -> КСО-204 сх24-1000-СР, Шинный разъединитель: РВФЗ-10/1000 | P36: =Q36 -> #N/A | Q36: =CONCATENATE(IF(Q37<>"",Q37,""),MID(P31,5,LEN(P31))," сх",Q29,"-",P29,IF(MID(P31,5,LEN(P31))="КСО-211","",IF(P2<>"",CONCATENATE(", ",CHAR(10),IF('Сводная информация'!$J$2=0,"","Шинный разъединитель: "),P2),"")),IF(P3<>"",CONCATENATE(", ",CHAR(10),IF('Сводная информация'!$J$2=0,"","Вакуумный выключатель: "),P3),""),IF(P4<>"",CONCATENATE(", ",CHAR(10),IF('Сводная информация'!$J$2=0,"","Блок управления: "),P4),""),IF(P5<>"",CONCATENATE(", ",CHAR(10),IF('Сводная информация'!$J$2=0,"","Микропроцессорная защита: "),P5),""),IF(P6<>"",CONCATENATE(", ",CHAR(10),IF('Сводная информация'!$J$2=0,"","Трансформаторы тока: "),P6,"х"),""),IF(P7<>"",CONCATENATE(P7),""),IF(P8<>"",CONCATENATE(", ",CHAR(10),IF('Сводная информация'!$J$2=0,"","Линейный разъединитель: "),P8),""),IF(P9<>"",CONCATENATE(", ",CHAR(10),IF('Сводная информация'!$J$2=0,"","Прибор учёта: "),P9),""),IF(P10<>"",CONCATENATE(", ",CHAR(10),IF('Сводная информация'!$J$2=0,"","Трансформатор напряжения: "),P10),""),IF(P11<>"",CONCATENATE(", ",CHAR(10),IF('Сводная информация'!$J$2=0,"","Трансформатор собственных нужд: "),P11),""),IF(P12<>"",CONCATENATE(", ",CHAR(10),P12),""),IF(P13<>"",CONCATENATE(", ",CHAR(10),IF('Сводная информация'!$J$2=0,"","Ограничитель перенапряжения: "),"3х",P13),""),IF(P14<>"",CONCATENATE(", ",CHAR(10),P14),""),IF(P15<>"",CONCATENATE(", ",CHAR(10),P15),""),IF(P16<>"",CONCATENATE(", ",CHAR(10),IF('Сводная информация'!$J$2=0,"","Трансформатор тока нулевой последовательности: "),P16),""),IF(P17<>"",CONCATENATE(", ",CHAR(10),P17,"х",P18),""),IF(P19<>"",CONCATENATE(", ",CHAR(10),P19,"х",P20),""),IF(P21<>"",CONCATENATE(", ",CHAR(10),P21,"х",P22),""),IF(P24<>"",CONCATENATE(", ",CHAR(10),P23,"х",P24),""),IF(P26<>"",CONCATENATE(", ",CHAR(10),P25,"х",P26),""),IF(P28<>"",CONCATENATE(", ",CHAR(10),P27,"х",P28),"")) -> #N/A | R36: =S36 -> #N/A | S36: =CONCATENATE(IF(S37<>"",S37,""),MID(R31,5,LEN(R31))," сх",S29,"-",R29,IF(MID(R31,5,LEN(R31))="КСО-211","",IF(R2<>"",CONCATENATE(", ",CHAR(10),IF('Сводная информация'!$J$2=0,"","Шинный разъединитель: "),R2),"")),IF(R3<>"",CONCATENATE(", ",CHAR(10),IF('Сводная информация'!$J$2=0,"","Вакуумный выключатель: "),R3),""),IF(R4<>"",CONCATENATE(", ",CHAR(10),IF('Сводная информация'!$J$2=0,"","Блок управления: "),R4),""),IF(R5<>"",CONCATENATE(", ",CHAR(10),IF('Сводная информация'!$J$2=0,"","Микропроцессорная защита: "),R5),""),IF(R6<>"",CONCATENATE(", ",CHAR(10),IF('Сводная информация'!$J$2=0,"","Трансформаторы тока: "),R6,"х"),""),IF(R7<>"",CONCATENATE(R7),""),IF(R8<>"",CONCATENATE(", ",CHAR(10),IF('Сводная информация'!$J$2=0,"","Линейный разъединитель: "),R8),""),IF(R9<>"",CONCATENATE(", ",CHAR(10),IF('Сводная информация'!$J$2=0,"","Прибор учёта: "),R9),""),IF(R10<>"",CONCATENATE(", ",CHAR(10),IF('Сводная информация'!$J$2=0,"","Трансформатор напряжения: "),R10),""),IF(R11<>"",CONCATENATE(", ",CHAR(10),IF('Сводная информация'!$J$2=0,"","Трансформатор собственных нужд: "),R11),""),IF(R12<>"",CONCATENATE(", ",CHAR(10),R12),""),IF(R13<>"",CONCATENATE(", ",CHAR(10),IF('Сводная информация'!$J$2=0,"","Ограничитель перенапряжения: "),"3х",R13),""),IF(R14<>"",CONCATENATE(", ",CHAR(10),R14),""),IF(R15<>"",CONCATENATE(", ",CHAR(10),R15),""),IF(R16<>"",CONCATENATE(", ",CHAR(10),IF('Сводная информация'!$J$2=0,"","Трансформатор тока нулевой последовательности: "),R16),""),IF(R17<>"",CONCATENATE(", ",CHAR(10),R17,"х",R18),""),IF(R19<>"",CONCATENATE(", ",CHAR(10),R19,"х",R20),""),IF(R21<>"",CONCATENATE(", ",CHAR(10),R21,"х",R22),""),IF(R24<>"",CONCATENATE(", ",CHAR(10),R23,"х",R24),""),IF(R26<>"",CONCATENATE(", ",CHAR(10),R25,"х",R26),""),IF(R28<>"",CONCATENATE(", ",CHAR(10),R27,"х",R28),"")) -> #N/A | T36: =U36 -> #N/A | U36: =CONCATENATE(IF(U37<>"",U37,""),MID(T31,5,LEN(T31))," сх",U29,"-",T29,IF(MID(T31,5,LEN(T31))="КСО-211","",IF(T2<>"",CONCATENATE(", ",CHAR(10),IF('Сводная информация'!$J$2=0,"","Шинный разъединитель: "),T2),"")),IF(T3<>"",CONCATENATE(", ",CHAR(10),IF('Сводная информация'!$J$2=0,"","Вакуумный выключатель: "),T3),""),IF(T4<>"",CONCATENATE(", ",CHAR(10),IF('Сводная информация'!$J$2=0,"","Блок управления: "),T4),""),IF(T5<>"",CONCATENATE(", ",CHAR(10),IF('Сводная информация'!$J$2=0,"","Микропроцессорная защита: "),T5),""),IF(T6<>"",CONCATENATE(", ",CHAR(10),IF('Сводная информация'!$J$2=0,"","Трансформаторы тока: "),T6,"х"),""),IF(T7<>"",CONCATENATE(T7),""),IF(T8<>"",CONCATENATE(", ",CHAR(10),IF('Сводная информация'!$J$2=0,"","Линейный разъединитель: "),T8),""),IF(T9<>"",CONCATENATE(", ",CHAR(10),IF('Сводная информация'!$J$2=0,"","Прибор учёта: "),T9),""),IF(T10<>"",CONCATENATE(", ",CHAR(10),IF('Сводная информация'!$J$2=0,"","Трансформатор напряжения: "),T10),""),IF(T11<>"",CONCATENATE(", ",CHAR(10),IF('Сводная информация'!$J$2=0,"","Трансформатор собственных нужд: "),T11),""),IF(T12<>"",CONCATENATE(", ",CHAR(10),T12),""),IF(T13<>"",CONCATENATE(", ",CHAR(10),IF('Сводная информация'!$J$2=0,"","Ограничитель перенапряжения: "),"3х",T13),""),IF(T14<>"",CONCATENATE(", ",CHAR(10),T14),""),IF(T15<>"",CONCATENATE(", ",CHAR(10),T15),""),IF(T16<>"",CONCATENATE(", ",CHAR(10),IF('Сводная информация'!$J$2=0,"","Трансформатор тока нулевой последовательности: "),T16),""),IF(T17<>"",CONCATENATE(", ",CHAR(10),T17,"х",T18),""),IF(T19<>"",CONCATENATE(", ",CHAR(10),T19,"х",T20),""),IF(T21<>"",CONCATENATE(", ",CHAR(10),T21,"х",T22),""),IF(T24<>"",CONCATENATE(", ",CHAR(10),T23,"х",T24),""),IF(T26<>"",CONCATENATE(", ",CHAR(10),T25,"х",T26),""),IF(T28<>"",CONCATENATE(", ",CHAR(10),T27,"х",T28),"")) -> #N/A | AH36: =CONCATENATE(AH2,AH3,AH6,AH8,AH10,AH11,AH12,AH13,AH15) | AT36: =IFERROR(TODAY()-AT7,0) -> 436 | AU36: =IFERROR(TODAY()-AU7,0) -> 436 | AV36: =IFERROR(TODAY()-AV7,0) -> 436 | AW36: =IFERROR(TODAY()-AW7,0) -> 0 | AX36: =IFERROR(TODAY()-AX7,0) -> 0 | AY36: =IFERROR(TODAY()-AY7,0) -> 436 | AZ36: =IFERROR(TODAY()-AZ7,0) -> 0 | BA36: =IFERROR(TODAY()-BA7,0) -> 0 | ... BC36: =IFERROR(TODAY()-BC7,0) -> 0
A37: =B37 -> Проверка цен | B37: Проверка цен | C37: =IF(OR(AND(B2<>"",C2=0),AND(B3<>"",C3=0),AND(B4<>"",C4=0),AND(B5<>"",C5=0),AND(B6<>"",C6=0),AND(B7<>"",C7=0),AND(B8<>"",C8=0),AND(B9<>"",C9=0),AND(B10<>"",C10=0),AND(B11<>"",C11=0),AND(B12<>"",C12=0),AND(B13<>"",C13=0),AND(B14<>"",C14=0),AND(B15<>"",C15=0),AND(B16<>"",C16=0),AND(B17<>"",B17>1,C17=0),AND(B18<>"",C18=0),AND(B19<>"",B19>1,C19=0),AND(B20<>"",C20=0),AND(B21<>"",B21>1,C21=0),AND(B22<>"",C22=0),AND(B30<>"",C30=0),AND(B31<>"",C31=0),AND(B32<>"",B29<>"СР",C32=0),AND(B29="ТН",C2=0),AND(B29="ТСН",C2=0)),"ОШИБКА ЦЕНЫ","") | D37: =E37 | E37: =IF(OR(AND(D2<>"",E2=0),AND(D3<>"",E3=0),AND(D4<>"",E4=0),AND(D5<>"",E5=0),AND(D6<>"",E6=0),AND(D7<>"",E7=0),AND(D8<>"",E8=0),AND(D9<>"",E9=0),AND(D10<>"",E10=0),AND(D11<>"",E11=0),AND(D12<>"",E12=0),AND(D13<>"",E13=0),AND(D14<>"",E14=0),AND(D15<>"",E15=0),AND(D16<>"",E16=0),AND(D17<>"",D17>1,E17=0),AND(D18<>"",E18=0),AND(D19<>"",D19>1,E19=0),AND(D20<>"",E20=0),AND(D21<>"",D21>1,E21=0),AND(D22<>"",E22=0),AND(D30<>"",E30=0),AND(D31<>"",E31=0),AND(D32<>"",D29<>"СР",E32=0),AND(D29="ТН",E2=0),AND(D29="ТСН",E2=0)),"ОШИБКА ЦЕНЫ","") | F37: =G37 | G37: =IF(OR(AND(F2<>"",G2=0),AND(F3<>"",G3=0),AND(F4<>"",G4=0),AND(F5<>"",G5=0),AND(F6<>"",G6=0),AND(F7<>"",G7=0),AND(F8<>"",G8=0),AND(F9<>"",G9=0),AND(F10<>"",G10=0),AND(F11<>"",G11=0),AND(F12<>"",G12=0),AND(F13<>"",G13=0),AND(F14<>"",G14=0),AND(F15<>"",G15=0),AND(F16<>"",G16=0),AND(F17<>"",F17>1,G17=0),AND(F18<>"",G18=0),AND(F19<>"",F19>1,G19=0),AND(F20<>"",G20=0),AND(F21<>"",F21>1,G21=0),AND(F22<>"",G22=0),AND(F30<>"",G30=0),AND(F31<>"",G31=0),AND(F32<>"",F29<>"СР",G32=0),AND(F29="ТН",G2=0),AND(F29="ТСН",G2=0)),"ОШИБКА ЦЕНЫ","") | H37: =I37 | I37: =IF(OR(AND(H2<>"",I2=0),AND(H3<>"",I3=0),AND(H4<>"",I4=0),AND(H5<>"",I5=0),AND(H6<>"",I6=0),AND(H7<>"",I7=0),AND(H8<>"",I8=0),AND(H9<>"",I9=0),AND(H10<>"",I10=0),AND(H11<>"",I11=0),AND(H12<>"",I12=0),AND(H13<>"",I13=0),AND(H14<>"",I14=0),AND(H15<>"",I15=0),AND(H16<>"",I16=0),AND(H17<>"",H17>1,I17=0),AND(H18<>"",I18=0),AND(H19<>"",H19>1,I19=0),AND(H20<>"",I20=0),AND(H21<>"",H21>1,I21=0),AND(H22<>"",I22=0),AND(H30<>"",I30=0),AND(H31<>"",I31=0),AND(H32<>"",H29<>"СР",I32=0),AND(H29="ТН",I2=0),AND(H29="ТСН",I2=0)),"ОШИБКА ЦЕНЫ","") | J37: =K37 | K37: =IF(OR(AND(J2<>"",K2=0),AND(J3<>"",K3=0),AND(J4<>"",K4=0),AND(J5<>"",K5=0),AND(J6<>"",K6=0),AND(J7<>"",K7=0),AND(J8<>"",K8=0),AND(J9<>"",K9=0),AND(J10<>"",K10=0),AND(J11<>"",K11=0),AND(J12<>"",K12=0),AND(J13<>"",K13=0),AND(J14<>"",K14=0),AND(J15<>"",K15=0),AND(J16<>"",K16=0),AND(J17<>"",J17>1,K17=0),AND(J18<>"",K18=0),AND(J19<>"",J19>1,K19=0),AND(J20<>"",K20=0),AND(J21<>"",J21>1,K21=0),AND(J22<>"",K22=0),AND(J30<>"",K30=0),AND(J31<>"",K31=0),AND(J32<>"",J29<>"СР",K32=0),AND(J29="ТН",K2=0),AND(J29="ТСН",K2=0)),"ОШИБКА ЦЕНЫ","") | L37: =M37 | M37: =IF(OR(AND(L2<>"",M2=0),AND(L3<>"",M3=0),AND(L4<>"",M4=0),AND(L5<>"",M5=0),AND(L6<>"",M6=0),AND(L7<>"",M7=0),AND(L8<>"",M8=0),AND(L9<>"",M9=0),AND(L10<>"",M10=0),AND(L11<>"",M11=0),AND(L12<>"",M12=0),AND(L13<>"",M13=0),AND(L14<>"",M14=0),AND(L15<>"",M15=0),AND(L16<>"",M16=0),AND(L17<>"",L17>1,M17=0),AND(L18<>"",M18=0),AND(L19<>"",L19>1,M19=0),AND(L20<>"",M20=0),AND(L21<>"",L21>1,M21=0),AND(L22<>"",M22=0),AND(L30<>"",M30=0),AND(L31<>"",M31=0),AND(L32<>"",L29<>"СР",M32=0),AND(L29="ТН",M2=0),AND(L29="ТСН",M2=0)),"ОШИБКА ЦЕНЫ","") | N37: =O37 | O37: =IF(OR(AND(N2<>"",O2=0),AND(N3<>"",O3=0),AND(N4<>"",O4=0),AND(N5<>"",O5=0),AND(N6<>"",O6=0),AND(N7<>"",O7=0),AND(N8<>"",O8=0),AND(N9<>"",O9=0),AND(N10<>"",O10=0),AND(N11<>"",O11=0),AND(N12<>"",O12=0),AND(N13<>"",O13=0),AND(N14<>"",O14=0),AND(N15<>"",O15=0),AND(N16<>"",O16=0),AND(N17<>"",N17>1,O17=0),AND(N18<>"",O18=0),AND(N19<>"",N19>1,O19=0),AND(N20<>"",O20=0),AND(N21<>"",N21>1,O21=0),AND(N22<>"",O22=0),AND(N30<>"",O30=0),AND(N31<>"",O31=0),AND(N32<>"",N29<>"СР",O32=0),AND(N29="ТН",O2=0),AND(N29="ТСН",O2=0)),"ОШИБКА ЦЕНЫ","") | P37: =Q37 -> #N/A | Q37: =IF(OR(AND(P2<>"",Q2=0),AND(P3<>"",Q3=0),AND(P4<>"",Q4=0),AND(P5<>"",Q5=0),AND(P6<>"",Q6=0),AND(P7<>"",Q7=0),AND(P8<>"",Q8=0),AND(P9<>"",Q9=0),AND(P10<>"",Q10=0),AND(P11<>"",Q11=0),AND(P12<>"",Q12=0),AND(P13<>"",Q13=0),AND(P14<>"",Q14=0),AND(P15<>"",Q15=0),AND(P16<>"",Q16=0),AND(P17<>"",P17>1,Q17=0),AND(P18<>"",Q18=0),AND(P19<>"",P19>1,Q19=0),AND(P20<>"",Q20=0),AND(P21<>"",P21>1,Q21=0),AND(P22<>"",Q22=0),AND(P30<>"",Q30=0),AND(P31<>"",Q31=0),AND(P32<>"",P29<>"СР",Q32=0),AND(P29="ТН",Q2=0),AND(P29="ТСН",Q2=0)),"ОШИБКА ЦЕНЫ","") -> #N/A | R37: =S37 -> #N/A | S37: =IF(OR(AND(R2<>"",S2=0),AND(R3<>"",S3=0),AND(R4<>"",S4=0),AND(R5<>"",S5=0),AND(R6<>"",S6=0),AND(R7<>"",S7=0),AND(R8<>"",S8=0),AND(R9<>"",S9=0),AND(R10<>"",S10=0),AND(R11<>"",S11=0),AND(R12<>"",S12=0),AND(R13<>"",S13=0),AND(R14<>"",S14=0),AND(R15<>"",S15=0),AND(R16<>"",S16=0),AND(R17<>"",R17>1,S17=0),AND(R18<>"",S18=0),AND(R19<>"",R19>1,S19=0),AND(R20<>"",S20=0),AND(R21<>"",R21>1,S21=0),AND(R22<>"",S22=0),AND(R30<>"",S30=0),AND(R31<>"",S31=0),AND(R32<>"",R29<>"СР",S32=0),AND(R29="ТН",S2=0),AND(R29="ТСН",S2=0)),"ОШИБКА ЦЕНЫ","") -> #N/A | T37: =U37 -> #N/A | U37: =IF(OR(AND(T2<>"",U2=0),AND(T3<>"",U3=0),AND(T4<>"",U4=0),AND(T5<>"",U5=0),AND(T6<>"",U6=0),AND(T7<>"",U7=0),AND(T8<>"",U8=0),AND(T9<>"",U9=0),AND(T10<>"",U10=0),AND(T11<>"",U11=0),AND(T12<>"",U12=0),AND(T13<>"",U13=0),AND(T14<>"",U14=0),AND(T15<>"",U15=0),AND(T16<>"",U16=0),AND(T17<>"",T17>1,U17=0),AND(T18<>"",U18=0),AND(T19<>"",T19>1,U19=0),AND(T20<>"",U20=0),AND(T21<>"",T21>1,U21=0),AND(T22<>"",U22=0),AND(T30<>"",U30=0),AND(T31<>"",U31=0),AND(T32<>"",T29<>"СР",U32=0),AND(T29="ТН",U2=0),AND(T29="ТСН",U2=0)),"ОШИБКА ЦЕНЫ","") -> #N/A | AT37: =IFERROR(TODAY()-AT8,0) -> 370 | AU37: =IFERROR(TODAY()-AU8,0) -> 370 | AV37: =IFERROR(TODAY()-AV8,0) -> 370 | AW37: =IFERROR(TODAY()-AW8,0) -> 0 | AX37: =IFERROR(TODAY()-AX8,0) -> 370 | AY37: =IFERROR(TODAY()-AY8,0) -> 0 | AZ37: =IFERROR(TODAY()-AZ8,0) -> 0 | BA37: =IFERROR(TODAY()-BA8,0) -> 0 | ... BC37: =IFERROR(TODAY()-BC8,0) -> 0
A38: =CONCATENATE("ШИНА -",'КСО-204'!C12) -> ШИНА -630 | B38: =CHOOSE(VLOOKUP('КСО-204'!C12,расчет!$BE$16:$BF$20,2,FALSE),BE11,BE11,BF11,BF11,BG11) -> 7693 | X38: код для подбора номера схемы
X39: =CONCATENATE(MID(X16,5,7),X2,X3,X6,X8,X10,X11,X12,X13,X19,X20) -> КСО-20411310000 | Y39: =CONCATENATE(MID(Y16,5,7),Y2,Y3,Y6,Y8,Y10,Y11,Y12,Y13,Y19,Y20) -> КСО-20411310000 | Z39: =CONCATENATE(MID(Z16,5,7),Z2,Z3,Z6,Z8,Z10,Z11,Z12,Z13,Z19,Z20) -> КСО-20411310001 | AA39: =CONCATENATE(MID(AA16,5,7),AA2,AA3,AA6,AA8,AA10,AA11,AA12,AA13,AA19,AA20) -> КСО-20410000110ТСН | AB39: =CONCATENATE(MID(AB16,5,7),AB2,AB3,AB6,AB8,AB10,AB11,AB12,AB13,AB19,AB20) -> КСО-20410011001ТН | AC39: =CONCATENATE(MID(AC16,5,7),AC2,AC3,AC6,AC8,AC10,AC11,AC12,AC13,AC19,AC20) -> КСО-20411300000СВ | AD39: =CONCATENATE(MID(AD16,5,7),AD2,AD3,AD6,AD8,AD10,AD11,AD12,AD13,AD19,AD20) -> КСО-20410000000СР | AE39: =CONCATENATE(MID(AE16,5,7),AE2,AE3,AE6,AE8,AE10,AE11,AE12,AE13,AE19,AE20) -> 00000000 | ... AG39: =CONCATENATE(MID(AG16,5,7),AG2,AG3,AG6,AG8,AG10,AG11,AG12,AG13,AG19,AG20) -> 00000000 | AT39: =IFERROR(TODAY()-AT9,0) -> 644 | AU39: =IFERROR(TODAY()-AU9,0) -> 644 | AV39: =IFERROR(TODAY()-AV9,0) -> 644 | AW39: =IFERROR(TODAY()-AW9,0) -> 0 | AX39: =IFERROR(TODAY()-AX9,0) -> 0 | AY39: =IFERROR(TODAY()-AY9,0) -> 0 | AZ39: =IFERROR(TODAY()-AZ9,0) -> 0 | BA39: =IFERROR(TODAY()-BA9,0) -> 0 | ... BC39: =IFERROR(TODAY()-BC9,0) -> 0
B40: Кнакладные | C40: =VLOOKUP(B40,Таблица_Регистрация_2012_год.accdb_12[[Накладные]:[Цена]],2,FALSE) -> 1.6 | D40: Кнакладные | E40: =VLOOKUP(D40,Таблица_Регистрация_2012_год.accdb_12[[Накладные]:[Цена]],2,FALSE) -> 1.6 | F40: Кнакладные | G40: =VLOOKUP(F40,Таблица_Регистрация_2012_год.accdb_12[[Накладные]:[Цена]],2,FALSE) -> 1.6 | H40: Кнакладные | I40: =VLOOKUP(H40,Таблица_Регистрация_2012_год.accdb_12[[Накладные]:[Цена]],2,FALSE) -> 1.6 | J40: Кнакладные | K40: =VLOOKUP(J40,Таблица_Регистрация_2012_год.accdb_12[[Накладные]:[Цена]],2,FALSE) -> 1.6 | L40: Кнакладные | M40: =VLOOKUP(L40,Таблица_Регистрация_2012_год.accdb_12[[Накладные]:[Цена]],2,FALSE) -> 1.6 | N40: Кнакладные | O40: =VLOOKUP(N40,Таблица_Регистрация_2012_год.accdb_12[[Накладные]:[Цена]],2,FALSE) -> 1.6 | P40: Кнакладные | Q40: =VLOOKUP(P40,Таблица_Регистрация_2012_год.accdb_12[[Накладные]:[Цена]],2,FALSE) -> 1.6 | R40: Кнакладные | S40: =VLOOKUP(R40,Таблица_Регистрация_2012_год.accdb_12[[Накладные]:[Цена]],2,FALSE) -> 1.6 | T40: Кнакладные | U40: =VLOOKUP(T40,Таблица_Регистрация_2012_год.accdb_12[[Накладные]:[Цена]],2,FALSE) -> 1.6 | AT40: =IFERROR(TODAY()-AT10,0) -> 0 | AU40: =IFERROR(TODAY()-AU10,0) -> 0 | AV40: =IFERROR(TODAY()-AV10,0) -> 0 | AW40: =IFERROR(TODAY()-AW10,0) -> 0 | AX40: =IFERROR(TODAY()-AX10,0) -> 3975 | AY40: =IFERROR(TODAY()-AY10,0) -> 0 | AZ40: =IFERROR(TODAY()-AZ10,0) -> 0 | BA40: =IFERROR(TODAY()-BA10,0) -> 0 | ... BC40: =IFERROR(TODAY()-BC10,0) -> 0
B41: КФОТ | C41: =VLOOKUP(B41,Таблица_Регистрация_2012_год.accdb_12[[Накладные]:[Цена]],2,FALSE) -> 0.21 | D41: КФОТ | E41: =VLOOKUP(D41,Таблица_Регистрация_2012_год.accdb_12[[Накладные]:[Цена]],2,FALSE) -> 0.21 | F41: КФОТ | G41: =VLOOKUP(F41,Таблица_Регистрация_2012_год.accdb_12[[Накладные]:[Цена]],2,FALSE) -> 0.21 | H41: КФОТ | I41: =VLOOKUP(H41,Таблица_Регистрация_2012_год.accdb_12[[Накладные]:[Цена]],2,FALSE) -> 0.21 | J41: КФОТ | K41: =VLOOKUP(J41,Таблица_Регистрация_2012_год.accdb_12[[Накладные]:[Цена]],2,FALSE) -> 0.21 | L41: КФОТ | M41: =VLOOKUP(L41,Таблица_Регистрация_2012_год.accdb_12[[Накладные]:[Цена]],2,FALSE) -> 0.21 | N41: КФОТ | O41: =VLOOKUP(N41,Таблица_Регистрация_2012_год.accdb_12[[Накладные]:[Цена]],2,FALSE) -> 0.21 | P41: КФОТ | Q41: =VLOOKUP(P41,Таблица_Регистрация_2012_год.accdb_12[[Накладные]:[Цена]],2,FALSE) -> 0.21 | R41: КФОТ | S41: =VLOOKUP(R41,Таблица_Регистрация_2012_год.accdb_12[[Накладные]:[Цена]],2,FALSE) -> 0.21 | T41: КФОТ | U41: =VLOOKUP(T41,Таблица_Регистрация_2012_год.accdb_12[[Накладные]:[Цена]],2,FALSE) -> 0.21 | AT41: =IFERROR(TODAY()-AT11,0) -> 0 | AU41: =IFERROR(TODAY()-AU11,0) -> 0 | AV41: =IFERROR(TODAY()-AV11,0) -> 0 | AW41: =IFERROR(TODAY()-AW11,0) -> 446 | AX41: =IFERROR(TODAY()-AX11,0) -> 0 | AY41: =IFERROR(TODAY()-AY11,0) -> 0 | AZ41: =IFERROR(TODAY()-AZ11,0) -> 0 | BA41: =IFERROR(TODAY()-BA11,0) -> 0 | ... BC41: =IFERROR(TODAY()-BC11,0) -> 0
B42: =CONCATENATE("Накладные ",'КСО-204'!D10," макс") -> Накладные КСО-204 макс | C42: =VLOOKUP(B42,Таблица_Регистрация_2012_год.accdb_12[[Накладные]:[Цена]],2,FALSE) -> 103695.64 | D42: =CONCATENATE("Накладные ",'КСО-204'!E10," макс") -> Накладные КСО-204 макс | E42: =VLOOKUP(D42,Таблица_Регистрация_2012_год.accdb_12[[Накладные]:[Цена]],2,FALSE) -> 103695.64 | F42: =CONCATENATE("Накладные ",'КСО-204'!F10," макс") -> Накладные КСО-204 макс | G42: =VLOOKUP(F42,Таблица_Регистрация_2012_год.accdb_12[[Накладные]:[Цена]],2,FALSE) -> 103695.64 | H42: =CONCATENATE("Накладные ",'КСО-204'!G10," макс") -> Накладные КСО-204 макс | I42: =VLOOKUP(H42,Таблица_Регистрация_2012_год.accdb_12[[Накладные]:[Цена]],2,FALSE) -> 103695.64 | J42: =CONCATENATE("Накладные ",'КСО-204'!H10," макс") -> Накладные КСО-204 макс | K42: =VLOOKUP(J42,Таблица_Регистрация_2012_год.accdb_12[[Накладные]:[Цена]],2,FALSE) -> 103695.64 | L42: =CONCATENATE("Накладные ",'КСО-204'!I10," макс") -> Накладные КСО-204 макс | M42: =VLOOKUP(L42,Таблица_Регистрация_2012_год.accdb_12[[Накладные]:[Цена]],2,FALSE) -> 103695.64 | N42: =CONCATENATE("Накладные ",'КСО-204'!J10," макс") -> Накладные КСО-204 макс | O42: =VLOOKUP(N42,Таблица_Регистрация_2012_год.accdb_12[[Накладные]:[Цена]],2,FALSE) -> 103695.64 | P42: =CONCATENATE("Накладные ",'КСО-204'!K10," макс") -> Накладные макс | Q42: =VLOOKUP(P42,Таблица_Регистрация_2012_год.accdb_12[[Накладные]:[Цена]],2,FALSE) -> #N/A | R42: =CONCATENATE("Накладные ",'КСО-204'!L10," макс") -> Накладные макс | S42: =VLOOKUP(R42,Таблица_Регистрация_2012_год.accdb_12[[Накладные]:[Цена]],2,FALSE) -> #N/A | T42: =CONCATENATE("Накладные ",'КСО-204'!M10," макс") -> Накладные макс | U42: =VLOOKUP(T42,Таблица_Регистрация_2012_год.accdb_12[[Накладные]:[Цена]],2,FALSE) -> #N/A | AT42: =IFERROR(TODAY()-AT12,0) -> 0 | AU42: =IFERROR(TODAY()-AU12,0) -> 0 | AV42: =IFERROR(TODAY()-AV12,0) -> 0 | AW42: =IFERROR(TODAY()-AW12,0) -> 1412 | AX42: =IFERROR(TODAY()-AX12,0) -> 0 | AY42: =IFERROR(TODAY()-AY12,0) -> 0 | AZ42: =IFERROR(TODAY()-AZ12,0) -> 0 | BA42: =IFERROR(TODAY()-BA12,0) -> 0 | ... BC42: =IFERROR(TODAY()-BC12,0) -> 0
B43: =CONCATENATE("ФОТ ",'КСО-204'!D10," макс") -> ФОТ КСО-204 макс | C43: =VLOOKUP(B43,Таблица_Регистрация_2012_год.accdb_12[[Накладные]:[Цена]],2,FALSE) -> 64809.36 | D43: =CONCATENATE("ФОТ ",'КСО-204'!E10," макс") -> ФОТ КСО-204 макс | E43: =VLOOKUP(D43,Таблица_Регистрация_2012_год.accdb_12[[Накладные]:[Цена]],2,FALSE) -> 64809.36 | F43: =CONCATENATE("ФОТ ",'КСО-204'!F10," макс") -> ФОТ КСО-204 макс | G43: =VLOOKUP(F43,Таблица_Регистрация_2012_год.accdb_12[[Накладные]:[Цена]],2,FALSE) -> 64809.36 | H43: =CONCATENATE("ФОТ ",'КСО-204'!G10," макс") -> ФОТ КСО-204 макс | I43: =VLOOKUP(H43,Таблица_Регистрация_2012_год.accdb_12[[Накладные]:[Цена]],2,FALSE) -> 64809.36 | J43: =CONCATENATE("ФОТ ",'КСО-204'!H10," макс") -> ФОТ КСО-204 макс | K43: =VLOOKUP(J43,Таблица_Регистрация_2012_год.accdb_12[[Накладные]:[Цена]],2,FALSE) -> 64809.36 | L43: =CONCATENATE("ФОТ ",'КСО-204'!I10," макс") -> ФОТ КСО-204 макс | M43: =VLOOKUP(L43,Таблица_Регистрация_2012_год.accdb_12[[Накладные]:[Цена]],2,FALSE) -> 64809.36 | N43: =CONCATENATE("ФОТ ",'КСО-204'!J10," макс") -> ФОТ КСО-204 макс | O43: =VLOOKUP(N43,Таблица_Регистрация_2012_год.accdb_12[[Накладные]:[Цена]],2,FALSE) -> 64809.36 | P43: =CONCATENATE("ФОТ ",'КСО-204'!K10," макс") -> ФОТ макс | Q43: =VLOOKUP(P43,Таблица_Регистрация_2012_год.accdb_12[[Накладные]:[Цена]],2,FALSE) -> #N/A | R43: =CONCATENATE("ФОТ ",'КСО-204'!L10," макс") -> ФОТ макс | S43: =VLOOKUP(R43,Таблица_Регистрация_2012_год.accdb_12[[Накладные]:[Цена]],2,FALSE) -> #N/A | T43: =CONCATENATE("ФОТ ",'КСО-204'!M10," макс") -> ФОТ макс | U43: =VLOOKUP(T43,Таблица_Регистрация_2012_год.accdb_12[[Накладные]:[Цена]],2,FALSE) -> #N/A | AT43: =IFERROR(TODAY()-AT13,0) -> 0 | AU43: =IFERROR(TODAY()-AU13,0) -> 0 | AV43: =IFERROR(TODAY()-AV13,0) -> 357 | AW43: =IFERROR(TODAY()-AW13,0) -> 0 | AX43: =IFERROR(TODAY()-AX13,0) -> 357 | AY43: =IFERROR(TODAY()-AY13,0) -> 0 | AZ43: =IFERROR(TODAY()-AZ13,0) -> 0 | BA43: =IFERROR(TODAY()-BA13,0) -> 0 | ... BC43: =IFERROR(TODAY()-BC13,0) -> 0
A45: кол-во | B45: ='Сводная информация'!C3 -> 4 | C45: ='Сводная информация'!C4 -> 2 | D45: ='Сводная информация'!C5 -> 2 | E45: ='Сводная информация'!C6 -> 2 | F45: ='Сводная информация'!C7 -> 2 | G45: ='Сводная информация'!C8 -> 1 | H45: ='Сводная информация'!C9 -> 1 | I45: ='Сводная информация'!C10 -> 0 | J45: ='Сводная информация'!C11 -> 0 | K45: ='Сводная информация'!C12 -> 0
A46: комплектация | B46: =C34 -> 409844 | C46: =E34 -> 409844 | D46: =G34 -> 418628 | E46: =I34 -> 296723 | F46: =K34 -> 262545 | G46: =M34 -> 374620 | H46: =O34 -> 79693 | I46: =Q34 -> 0 | J46: =S34 -> 0 | K46: =U34 -> 0 | AT46: =IFERROR(TODAY()-AT16,0) -> 478 | AU46: =IFERROR(TODAY()-AU16,0) -> 478 | AV46: =IFERROR(TODAY()-AV16,0) -> 0 | AW46: =IFERROR(TODAY()-AW16,0) -> 0 | AX46: =IFERROR(TODAY()-AX16,0) -> 0 | AY46: =IFERROR(TODAY()-AY16,0) -> 0 | AZ46: =IFERROR(TODAY()-AZ16,0) -> 0 | BA46: =IFERROR(TODAY()-BA16,0) -> 0 | ... BC46: =IFERROR(TODAY()-BC16,0) -> 0
A47: Накладные | B47: =C32 -> 103694.98 | C47: =E32 -> 103694.98 | D47: =G32 -> 103694.98 | E47: =I32 -> 99698.928 | F47: =K32 -> 88215.12 | G47: =M32 -> 103694.98 | H47: =O32 -> 26776.848 | I47: =Q32 -> #N/A | J47: =S32 -> #N/A | K47: =U32 -> #N/A
A48: ФОТ | B48: =C31 -> 64809.36 | C48: =E31 -> 64809.36 | D48: =G31 -> 64809.36 | E48: =I31 -> 62311.83 | F48: =K31 -> 55134.45 | G48: =M31 -> 64809.36 | H48: =O31 -> 16735.53 | I48: =Q31 -> #N/A | J48: =S31 -> #N/A | K48: =U31 -> #N/A | AT48: =IFERROR(TODAY()-AT18,0) -> 0 | AU48: =IFERROR(TODAY()-AU18,0) -> 0 | AV48: =IFERROR(TODAY()-AV18,0) -> 0 | AW48: =IFERROR(TODAY()-AW18,0) -> 0 | AX48: =IFERROR(TODAY()-AX18,0) -> 0 | AY48: =IFERROR(TODAY()-AY18,0) -> 0 | AZ48: =IFERROR(TODAY()-AZ18,0) -> 0 | BA48: =IFERROR(TODAY()-BA18,0) -> 0 | ... BC48: =IFERROR(TODAY()-BC18,0) -> 0
A49: комплектация | B49: =IFERROR(B46*B$45,0) -> 1639376 | C49: =IFERROR(C46*C$45,0) -> 819688 | D49: =IFERROR(D46*D$45,0) -> 837256 | E49: =IFERROR(E46*E$45,0) -> 593446 | F49: =IFERROR(F46*F$45,0) -> 525090 | G49: =IFERROR(G46*G$45,0) -> 374620 | H49: =IFERROR(H46*H$45,0) -> 79693 | I49: =IFERROR(I46*I$45,0) -> 0 | ... K49: =IFERROR(K46*K$45,0) -> 0
A50: Накладные | B50: =IFERROR(B47*B$45,0) -> 414779.9 | C50: =IFERROR(C47*C$45,0) -> 207389.95 | D50: =IFERROR(D47*D$45,0) -> 207389.95 | E50: =IFERROR(E47*E$45,0) -> 199397.86 | F50: =IFERROR(F47*F$45,0) -> 176430.24 | G50: =IFERROR(G47*G$45,0) -> 103694.98 | H50: =IFERROR(H47*H$45,0) -> 26776.848 | I50: =IFERROR(I47*I$45,0) -> 0 | ... K50: =IFERROR(K47*K$45,0) -> 0 | AT50: =IFERROR(TODAY()-AT20,0) -> 0 | AU50: =IFERROR(TODAY()-AU20,0) -> 0 | AV50: =IFERROR(TODAY()-AV20,0) -> 0 | AW50: =IFERROR(TODAY()-AW20,0) -> 0 | AX50: =IFERROR(TODAY()-AX20,0) -> 0 | AY50: =IFERROR(TODAY()-AY20,0) -> 0 | AZ50: =IFERROR(TODAY()-AZ20,0) -> 0 | BA50: =IFERROR(TODAY()-BA20,0) -> 0 | ... BC50: =IFERROR(TODAY()-BC20,0) -> 0
A51: ФОТ | B51: =IFERROR(B48*B$45,0) -> 259237.44 | C51: =IFERROR(C48*C$45,0) -> 129618.72 | D51: =IFERROR(D48*D$45,0) -> 129618.72 | E51: =IFERROR(E48*E$45,0) -> 124623.66 | F51: =IFERROR(F48*F$45,0) -> 110268.9 | G51: =IFERROR(G48*G$45,0) -> 64809.36 | H51: =IFERROR(H48*H$45,0) -> 16735.53 | I51: =IFERROR(I48*I$45,0) -> 0 | ... K51: =IFERROR(K48*K$45,0) -> 0
AT52: =IFERROR(TODAY()-AT22,0) -> 0 | AU52: =IFERROR(TODAY()-AU22,0) -> 0 | AV52: =IFERROR(TODAY()-AV22,0) -> 0 | AW52: =IFERROR(TODAY()-AW22,0) -> 0 | AX52: =IFERROR(TODAY()-AX22,0) -> 0 | AY52: =IFERROR(TODAY()-AY22,0) -> 0 | AZ52: =IFERROR(TODAY()-AZ22,0) -> 0 | BA52: =IFERROR(TODAY()-BA22,0) -> 0 | ... BC52: =IFERROR(TODAY()-BC22,0) -> 0
D53: 1-св
D54: 2-ср | F54: Сборная | AT54: =IFERROR(TODAY()-AT24,0) -> 0 | AU54: =IFERROR(TODAY()-AU24,0) -> 0 | AV54: =IFERROR(TODAY()-AV24,0) -> 0 | AW54: =IFERROR(TODAY()-AW24,0) -> 0 | AX54: =IFERROR(TODAY()-AX24,0) -> 0 | AY54: =IFERROR(TODAY()-AY24,0) -> 0 | AZ54: =IFERROR(TODAY()-AZ24,0) -> 0 | BA54: =IFERROR(TODAY()-BA24,0) -> 0 | ... BC54: =IFERROR(TODAY()-BC24,0) -> 0
D55: 3-шсн | F55: комплектация | G55: Накладные | H55: ФОТ
D56: 4-393 с ВНА | F56: =SUM(B49:K49) -> 4869169 | G56: =SUM(B50:K50) -> 1335859.7 | H56: =SUM(B51:K51) -> 834912.33 | AT56: =IFERROR(TODAY()-AT26,0) -> 0 | AU56: =IFERROR(TODAY()-AU26,0) -> 0 | AV56: =IFERROR(TODAY()-AV26,0) -> 0 | AW56: =IFERROR(TODAY()-AW26,0) -> 0 | AX56: =IFERROR(TODAY()-AX26,0) -> 0 | AY56: =IFERROR(TODAY()-AY26,0) -> 0 | AZ56: =IFERROR(TODAY()-AZ26,0) -> 0 | BA56: =IFERROR(TODAY()-BA26,0) -> 0 | ... BC56: =IFERROR(TODAY()-BC26,0) -> 0
D57: 5-393 c РВЗ
A58: Тип ячейки | B58: Код схемы | AT58: =IFERROR(TODAY()-AT28,0) -> 0 | AU58: =IFERROR(TODAY()-AU28,0) -> 0 | AV58: =IFERROR(TODAY()-AV28,0) -> 0 | AW58: =IFERROR(TODAY()-AW28,0) -> 0 | AX58: =IFERROR(TODAY()-AX28,0) -> 0 | AY58: =IFERROR(TODAY()-AY28,0) -> 0 | AZ58: =IFERROR(TODAY()-AZ28,0) -> 0 | BA58: =IFERROR(TODAY()-BA28,0) -> 0 | ... BC58: =IFERROR(TODAY()-BC28,0) -> 0
A59: КСО-204 | B59: КСО-20411200000РВЗ | C59: 1ВВ | D59: 0
A60: КСО-204 | B60: КСО-20411300000РВЗ | C60: 2ВВ | D60: 0 | F60: Для обновления данных таблицы оборудования нажми правой кнопкой на таблице ->ОБНОВИТЬ
A61: КСО-204 | B61: КСО-20411200000РВЗСВ | C61: 4.1ВВ | D61: 0
A62: КСО-204 | B62: КСО-20411300000РВЗСВ | C62: 5ВВ | D62: 0 | F62: Применяемое оборудование | G62: Стоимость за ед | H62: Количество | I62: Общая стоимость по объекту
A63: КСО-204 | B63: КСО-20411210100РВЗ | C63: 6ВВ | D63: 0 | G63: 0.054945055 | H63: 11 | I63: 110
A64: КСО-204 | B64: КСО-20411210101РВЗ | C64: 6.1ВВ | D64: 0 | F64: Общий итог | G64: 0.054945055 | H64: 11 | I64: 110
A65: КСО-204 | B65: КСО-20411210000РВЗ | C65: 8ВВ | D65: 0
A66: КСО-204 | B66: КСО-20411210001РВЗ | C66: 8.1ВВ | D66: 0
A67: КСО-204 | B67: КСО-20411310000РВЗ | C67: 7ВВ | D67: 0
A68: КСО-204 | B68: КСО-20411310001РВЗ | C68: 7.1ВВ | D68: 0
A69: КСО-204 | B69: КСО-20410000010РВЗ | C69: 9-400
A70: КСО-204 | B70: КСО-20400010000ЗСШ | C70: 31-400
A71: КСО-204 | B71: КСО-20410011001РВЗТН | C71: 12.1
A72: КСО-204 | B72: КСО-20410000000РВЗСР | C72: 24.1
A73: КСО-204 | B73: КСО-20410011001РВЗТН | C73: 13-400
A74: КСО-204 | B74: КСО-20410001001РВЗТН | C74: 14-400
A75: КСО-204 | B75: КСО-20410000000РВЗСР+ | C75: 28.3А
A76: КСО-204 | B76: КСО-20410000110РВЗТСН | C76: 15-400
A77: КСО-204 | B77: КСО-20410010000РВЗ | C77: 10-400
A78: КСО-204 | B78: КСО-20411211001 | C78: 8.4ВВ
A79: КСО-204 | B79: КСО-20411311001 | C79: 7.4ВВ
A80: КСО-211 | B80: КСО-21101210000 | C80: 1ВВ
... A107: КСО-393 | B107: КСО-39310011001РВЗ | C107: 3НПО
B112: Оборудование | C112: Стоимость | D112: Количество
A113: 1 | B113: =B2 -> РВФЗ-10/1000 | C113: =C2 -> 34320 | D113: ='Сводная информация'!$C$3 -> 4
B114: =B3 -> VM12-10-20/1000 | C114: =C3 -> 117020 | D114: ='Сводная информация'!$C$3 -> 4
B115: =B4 -> CVM 1.2 ВЕАШ468389.001-01 | C115: =C4 -> 29620 | D115: ='Сводная информация'!$C$3 -> 4
B116: =B5 -> АГАТ 200. А | C116: =C5 -> 70833 | D116: ='Сводная информация'!$C$3 -> 4
B117: =B7 -> ТПЛ-10 200/5 0,5S/10P | C117: =C7 -> 23040 | D117: =IFERROR('Сводная информация'!$C$3*(B6),0) -> 12
B118: =B8 -> РВЗ-10/1000 | C118: =C8 -> 22568 | D118: ='Сводная информация'!$C$3 -> 4
B119: =B9 -> Меркурий 234 АRTM(Х)2-00 (D)PBR.G | C119: =C9 -> 17540 | D119: ='Сводная информация'!$C$3 -> 4
B120: =B10 | C120: =C10 -> 0 | D120: ='Сводная информация'!$C$3 -> 4
B121: =B11 | C121: =C11 -> 0 | D121: ='Сводная информация'!$C$3 -> 4
B122: =B12 | C122: =C12 -> 0 | D122: ='Сводная информация'!$C$3 -> 4
B123: =B13 | C123: =C13 -> 0 | D123: ='Сводная информация'!$C$3 -> 4
B124: =B16 -> ТЗЛМ-1 | C124: =C16 -> 3450 | D124: ='Сводная информация'!$C$3 -> 4
B125: =B18 | C125: =C18 -> 0 | D125: =IFERROR('Сводная информация'!$C$3*B17,0) -> 0
B126: =B20 | C126: =C20 -> 0 | D126: =IFERROR('Сводная информация'!$C$3*B19,0) -> 0
B127: =B22 | C127: =C22 -> 0 | D127: =IFERROR('Сводная информация'!$C$3*B21,0) -> 0
B128: =B24 | C128: =C24 -> 0 | D128: =IFERROR('Сводная информация'!$C$3*B23,0) -> 0
B129: =B26 | C129: =C26 -> 0 | D129: =IFERROR('Сводная информация'!$C$3*B25,0) -> 0
B130: =B28 | C130: =C28 -> 0 | D130: =IFERROR('Сводная информация'!$C$3*B27,0) -> 0
A131: 2 | B131: =D2 -> РВФЗ-10/1000 | C131: =E2 -> 34320 | D131: ='Сводная информация'!$C$4 -> 2
...
